#{"t_start": 1777362906.4614065, "env_id": "None"}
r,l,t,episode_metrics
-1000.0,194,8.213456,"{'term': -1.0, 'progress': 0.0, 'time': 2.299999952316284, 'distance': 5.936104774475098, 'fitness': -1000000000.0, 'progress_delta': 0.0, 'last_reward_progress': 0.0, 'reward': -1000.0}"
-1000.0,174,11.91965,"{'term': -1.0, 'progress': 0.0, 'time': 2.009999990463257, 'distance': 1.027815818786621, 'fitness': -1000000000.0, 'progress_delta': 0.0, 'last_reward_progress': 0.0, 'reward': -1000.0}"
-996.857143,400,19.484365,"{'term': -1.0, 'progress': 2.857142857142857, 'time': 5.96999979019165, 'distance': 23.595430374145508, 'fitness': -997142857.1428572, 'progress_delta': 0.0, 'last_reward_progress': 2.857142857142857, 'reward': -996.8571428571429}"
-1000.0,287,25.044318,"{'term': -1.0, 'progress': 0.0, 'time': 3.930000066757202, 'distance': 14.979839324951172, 'fitness': -1000000000.0, 'progress_delta': 0.0, 'last_reward_progress': 0.0, 'reward': -1000.0}"
-1000.0,184,30.239898,"{'term': -1.0, 'progress': 0.0, 'time': 2.0199999809265137, 'distance': 3.0600967407226562, 'fitness': -1000000000.0, 'progress_delta': 0.0, 'last_reward_progress': 0.0, 'reward': -1000.0}"
-1000.0,186,35.715601,"{'term': -1.0, 'progress': 0.0, 'time': 2.0399999618530273, 'distance': 4.039663314819336, 'fitness': -1000000000.0, 'progress_delta': 0.0, 'last_reward_progress': 0.0, 'reward': -1000.0}"
-993.714286,600,48.275494,"{'term': -1.0, 'progress': 5.714285714285714, 'time': 9.359999656677246, 'distance': 51.04298782348633, 'fitness': -994285714.2857143, 'progress_delta': 0.0, 'last_reward_progress': 5.714285714285714, 'reward': -993.9999999999999}"
-996.857143,438,58.104749,"{'term': -1.0, 'progress': 2.857142857142857, 'time': 6.590000152587891, 'distance': 44.79705047607422, 'fitness': -997142857.1428572, 'progress_delta': 0.0, 'last_reward_progress': 2.857142857142857, 'reward': -997.1428571428572}"
-987.428571,1037,78.801651,"{'term': -1.0, 'progress': 11.428571428571429, 'time': 17.290000915527344, 'distance': 127.79629516601562, 'fitness': -988571428.5714285, 'progress_delta': 0.0, 'last_reward_progress': 11.428571428571429, 'reward': -988.5714285714286}"
-996.857143,295,86.032882,"{'term': -1.0, 'progress': 2.857142857142857, 'time': 3.9200000762939453, 'distance': 24.137117385864258, 'fitness': -997142857.1428572, 'progress_delta': 0.0, 'last_reward_progress': 2.857142857142857, 'reward': -996.8571428571429}"
-996.857143,345,94.155932,"{'term': -1.0, 'progress': 2.857142857142857, 'time': 4.840000152587891, 'distance': 29.444704055786133, 'fitness': -997142857.1428572, 'progress_delta': 0.0, 'last_reward_progress': 2.857142857142857, 'reward': -997.1428571428572}"
-996.857143,266,100.98663,"{'term': -1.0, 'progress': 2.857142857142857, 'time': 3.4700000286102295, 'distance': 21.707393646240234, 'fitness': -997142857.1428572, 'progress_delta': 0.0, 'last_reward_progress': 2.857142857142857, 'reward': -996.8571428571429}"
-1000.0,245,107.321361,"{'term': -1.0, 'progress': 0.0, 'time': 3.109999895095825, 'distance': 19.563674926757812, 'fitness': -1000000000.0, 'progress_delta': 0.0, 'last_reward_progress': 0.0, 'reward': -1000.0}"
-996.857143,266,114.04009,"{'term': -1.0, 'progress': 2.857142857142857, 'time': 3.430000066757202, 'distance': 21.327491760253906, 'fitness': -997142857.1428572, 'progress_delta': 0.0, 'last_reward_progress': 2.857142857142857, 'reward': -996.8571428571429}"
-996.857143,254,120.525006,"{'term': -1.0, 'progress': 2.857142857142857, 'time': 3.2100000381469727, 'distance': 20.74251937866211, 'fitness': -997142857.1428572, 'progress_delta': 0.0, 'last_reward_progress': 2.857142857142857, 'reward': -996.8571428571429}"
-1000.0,213,126.257,"{'term': -1.0, 'progress': 0.0, 'time': 2.440000057220459, 'distance': 15.892472267150879, 'fitness': -1000000000.0, 'progress_delta': 0.0, 'last_reward_progress': 0.0, 'reward': -1000.0}"
-996.857143,304,133.670161,"{'term': -1.0, 'progress': 2.857142857142857, 'time': 4.119999885559082, 'distance': 22.530284881591797, 'fitness': -997142857.1428572, 'progress_delta': 0.0, 'last_reward_progress': 2.857142857142857, 'reward': -997.1428571428572}"
-996.857143,303,141.039481,"{'term': -1.0, 'progress': 2.857142857142857, 'time': 4.130000114440918, 'distance': 24.651084899902344, 'fitness': -997142857.1428572, 'progress_delta': 0.0, 'last_reward_progress': 2.857142857142857, 'reward': -997.1428571428572}"
-1000.0,216,147.08621,"{'term': -1.0, 'progress': 0.0, 'time': 2.6700000762939453, 'distance': 17.163793563842773, 'fitness': -1000000000.0, 'progress_delta': 0.0, 'last_reward_progress': 0.0, 'reward': -1000.0}"
-1000.0,239,153.621765,"{'term': -1.0, 'progress': 0.0, 'time': 3.009999990463257, 'distance': 16.510845184326172, 'fitness': -1000000000.0, 'progress_delta': 0.0, 'last_reward_progress': 0.0, 'reward': -1000.0}"
-1000.0,251,160.164026,"{'term': -1.0, 'progress': 0.0, 'time': 3.1500000953674316, 'distance': 18.126798629760742, 'fitness': -1000000000.0, 'progress_delta': 0.0, 'last_reward_progress': 0.0, 'reward': -1000.0}"
-996.857143,335,168.198843,"{'term': -1.0, 'progress': 2.857142857142857, 'time': 4.690000057220459, 'distance': 23.644573211669922, 'fitness': -997142857.1428572, 'progress_delta': 0.0, 'last_reward_progress': 2.857142857142857, 'reward': -997.1428571428572}"
-1000.0,181,173.523809,"{'term': -1.0, 'progress': 0.0, 'time': 2.009999990463257, 'distance': 12.746380805969238, 'fitness': -1000000000.0, 'progress_delta': 0.0, 'last_reward_progress': 0.0, 'reward': -1000.0}"
-996.857143,245,179.935353,"{'term': -1.0, 'progress': 2.857142857142857, 'time': 3.0199999809265137, 'distance': 21.643125534057617, 'fitness': -997142857.1428572, 'progress_delta': 0.0, 'last_reward_progress': 2.857142857142857, 'reward': -996.8571428571429}"
-996.857143,240,186.221121,"{'term': -1.0, 'progress': 2.857142857142857, 'time': 3.009999990463257, 'distance': 26.18655776977539, 'fitness': -997142857.1428572, 'progress_delta': 0.0, 'last_reward_progress': 2.857142857142857, 'reward': -997.1428571428572}"
-996.857143,242,192.723691,"{'term': -1.0, 'progress': 2.857142857142857, 'time': 3.009999990463257, 'distance': 34.1723747253418, 'fitness': -997142857.1428572, 'progress_delta': 0.0, 'last_reward_progress': 2.857142857142857, 'reward': -997.1428571428572}"
-996.857143,240,199.125931,"{'term': -1.0, 'progress': 2.857142857142857, 'time': 3.0199999809265137, 'distance': 24.263378143310547, 'fitness': -997142857.1428572, 'progress_delta': 0.0, 'last_reward_progress': 2.857142857142857, 'reward': -997.1428571428572}"
-996.857143,352,207.494135,"{'term': -1.0, 'progress': 2.857142857142857, 'time': 4.980000019073486, 'distance': 41.818359375, 'fitness': -997142857.1428572, 'progress_delta': 0.0, 'last_reward_progress': 2.857142857142857, 'reward': -997.1428571428572}"
-996.857143,239,213.826483,"{'term': -1.0, 'progress': 2.857142857142857, 'time': 3.0199999809265137, 'distance': 27.19025421142578, 'fitness': -997142857.1428572, 'progress_delta': 0.0, 'last_reward_progress': 2.857142857142857, 'reward': -997.1428571428572}"
-996.857143,332,221.85886,"{'term': -1.0, 'progress': 2.857142857142857, 'time': 4.639999866485596, 'distance': 41.703121185302734, 'fitness': -997142857.1428572, 'progress_delta': 0.0, 'last_reward_progress': 2.857142857142857, 'reward': -997.1428571428572}"
-1000.0,221,227.879974,"{'term': -1.0, 'progress': 0.0, 'time': 2.6700000762939453, 'distance': 18.31328773498535, 'fitness': -1000000000.0, 'progress_delta': 0.0, 'last_reward_progress': 0.0, 'reward': -1000.0}"
-996.857143,241,234.228277,"{'term': -1.0, 'progress': 2.857142857142857, 'time': 3.0199999809265137, 'distance': 26.998579025268555, 'fitness': -997142857.1428572, 'progress_delta': 0.0, 'last_reward_progress': 2.857142857142857, 'reward': -997.1428571428572}"
-1000.0,224,240.299647,"{'term': -1.0, 'progress': 0.0, 'time': 2.690000057220459, 'distance': 18.162534713745117, 'fitness': -1000000000.0, 'progress_delta': 0.0, 'last_reward_progress': 0.0, 'reward': -1000.0}"
-1000.0,225,246.43124,"{'term': -1.0, 'progress': 0.0, 'time': 2.819999933242798, 'distance': 20.404277801513672, 'fitness': -1000000000.0, 'progress_delta': 0.0, 'last_reward_progress': 0.0, 'reward': -1000.0}"
-996.857143,240,252.825397,"{'term': -1.0, 'progress': 2.857142857142857, 'time': 3.009999990463257, 'distance': 22.558349609375, 'fitness': -997142857.1428572, 'progress_delta': 0.0, 'last_reward_progress': 2.857142857142857, 'reward': -997.1428571428572}"
-996.857143,235,259.419339,"{'term': -1.0, 'progress': 2.857142857142857, 'time': 3.009999990463257, 'distance': 24.700027465820312, 'fitness': -997142857.1428572, 'progress_delta': 0.0, 'last_reward_progress': 2.857142857142857, 'reward': -997.1428571428572}"
-996.857143,243,265.832834,"{'term': -1.0, 'progress': 2.857142857142857, 'time': 3.0199999809265137, 'distance': 26.350261688232422, 'fitness': -997142857.1428572, 'progress_delta': 0.0, 'last_reward_progress': 2.857142857142857, 'reward': -997.1428571428572}"
-996.857143,260,272.596922,"{'term': -1.0, 'progress': 2.857142857142857, 'time': 3.369999885559082, 'distance': 28.91440200805664, 'fitness': -997142857.1428572, 'progress_delta': 0.0, 'last_reward_progress': 2.857142857142857, 'reward': -996.8571428571429}"
-996.857143,284,279.818609,"{'term': -1.0, 'progress': 2.857142857142857, 'time': 3.809999942779541, 'distance': 33.159706115722656, 'fitness': -997142857.1428572, 'progress_delta': 0.0, 'last_reward_progress': 2.857142857142857, 'reward': -997.1428571428572}"
-996.857143,266,286.680238,"{'term': -1.0, 'progress': 2.857142857142857, 'time': 3.450000047683716, 'distance': 28.163516998291016, 'fitness': -997142857.1428572, 'progress_delta': 0.0, 'last_reward_progress': 2.857142857142857, 'reward': -996.8571428571429}"
-996.857143,273,293.911462,"{'term': -1.0, 'progress': 2.857142857142857, 'time': 3.700000047683716, 'distance': 34.33055877685547, 'fitness': -997142857.1428572, 'progress_delta': 0.0, 'last_reward_progress': 2.857142857142857, 'reward': -997.1428571428572}"
-996.857143,271,300.88844,"{'term': -1.0, 'progress': 2.857142857142857, 'time': 3.5799999237060547, 'distance': 29.839860916137695, 'fitness': -997142857.1428572, 'progress_delta': 0.0, 'last_reward_progress': 2.857142857142857, 'reward': -996.8571428571429}"
-996.857143,259,307.640154,"{'term': -1.0, 'progress': 2.857142857142857, 'time': 3.3299999237060547, 'distance': 31.48785400390625, 'fitness': -997142857.1428572, 'progress_delta': 0.0, 'last_reward_progress': 2.857142857142857, 'reward': -997.1428571428572}"
-996.857143,244,314.033617,"{'term': -1.0, 'progress': 2.857142857142857, 'time': 3.0199999809265137, 'distance': 25.370868682861328, 'fitness': -997142857.1428572, 'progress_delta': 0.0, 'last_reward_progress': 2.857142857142857, 'reward': -997.1428571428572}"
-996.857143,242,320.426549,"{'term': -1.0, 'progress': 2.857142857142857, 'time': 3.0199999809265137, 'distance': 30.307233810424805, 'fitness': -997142857.1428572, 'progress_delta': 0.0, 'last_reward_progress': 2.857142857142857, 'reward': -997.1428571428572}"
-1000.0,268,326.626893,"{'term': -1.0, 'progress': 0.0, 'time': 2.809999942779541, 'distance': 20.024595260620117, 'fitness': -1000000000.0, 'progress_delta': 0.0, 'last_reward_progress': 0.0, 'reward': -1000.0}"
-996.857143,230,334.927726,"{'term': -1.0, 'progress': 2.857142857142857, 'time': 3.0199999809265137, 'distance': 28.070877075195312, 'fitness': -997142857.1428572, 'progress_delta': 0.0, 'last_reward_progress': 2.857142857142857, 'reward': -997.1428571428572}"
-996.857143,231,341.329476,"{'term': -1.0, 'progress': 2.857142857142857, 'time': 3.0199999809265137, 'distance': 27.78653907775879, 'fitness': -997142857.1428572, 'progress_delta': 0.0, 'last_reward_progress': 2.857142857142857, 'reward': -997.1428571428572}"
-996.857143,232,348.018718,"{'term': -1.0, 'progress': 2.857142857142857, 'time': 3.009999990463257, 'distance': 28.69816780090332, 'fitness': -997142857.1428572, 'progress_delta': 0.0, 'last_reward_progress': 2.857142857142857, 'reward': -997.1428571428572}"
-996.857143,235,354.632678,"{'term': -1.0, 'progress': 2.857142857142857, 'time': 3.0199999809265137, 'distance': 29.153690338134766, 'fitness': -997142857.1428572, 'progress_delta': 0.0, 'last_reward_progress': 2.857142857142857, 'reward': -997.1428571428572}"
-996.857143,237,361.02839,"{'term': -1.0, 'progress': 2.857142857142857, 'time': 3.0199999809265137, 'distance': 26.67961311340332, 'fitness': -997142857.1428572, 'progress_delta': 0.0, 'last_reward_progress': 2.857142857142857, 'reward': -997.1428571428572}"
-996.857143,241,367.419952,"{'term': -1.0, 'progress': 2.857142857142857, 'time': 3.009999990463257, 'distance': 29.648048400878906, 'fitness': -997142857.1428572, 'progress_delta': 0.0, 'last_reward_progress': 2.857142857142857, 'reward': -997.1428571428572}"
-996.857143,235,374.030493,"{'term': -1.0, 'progress': 2.857142857142857, 'time': 3.0199999809265137, 'distance': 28.121719360351562, 'fitness': -997142857.1428572, 'progress_delta': 0.0, 'last_reward_progress': 2.857142857142857, 'reward': -997.1428571428572}"
-996.857143,238,380.81842,"{'term': -1.0, 'progress': 2.857142857142857, 'time': 3.009999990463257, 'distance': 28.566287994384766, 'fitness': -997142857.1428572, 'progress_delta': 0.0, 'last_reward_progress': 2.857142857142857, 'reward': -997.1428571428572}"
-1000.0,183,386.318903,"{'term': -1.0, 'progress': 0.0, 'time': 2.009999990463257, 'distance': 6.985212326049805, 'fitness': -1000000000.0, 'progress_delta': 0.0, 'last_reward_progress': 0.0, 'reward': -1000.0}"
-996.857143,267,393.21882,"{'term': -1.0, 'progress': 2.857142857142857, 'time': 3.609999895095825, 'distance': 28.31809425354004, 'fitness': -997142857.1428572, 'progress_delta': 0.0, 'last_reward_progress': 2.857142857142857, 'reward': -996.8571428571429}"
-996.857143,247,399.740441,"{'term': -1.0, 'progress': 2.857142857142857, 'time': 3.130000114440918, 'distance': 27.57328987121582, 'fitness': -997142857.1428572, 'progress_delta': 0.0, 'last_reward_progress': 2.857142857142857, 'reward': -996.8571428571429}"
-996.857143,463,410.098334,"{'term': -1.0, 'progress': 2.857142857142857, 'time': 6.989999771118164, 'distance': 31.34004020690918, 'fitness': -997142857.1428572, 'progress_delta': 0.0, 'last_reward_progress': 2.857142857142857, 'reward': -997.1428571428572}"
-996.857143,252,416.81692,"{'term': -1.0, 'progress': 2.857142857142857, 'time': 3.309999942779541, 'distance': 24.83133316040039, 'fitness': -997142857.1428572, 'progress_delta': 0.0, 'last_reward_progress': 2.857142857142857, 'reward': -996.8571428571429}"
-996.857143,316,424.452138,"{'term': -1.0, 'progress': 2.857142857142857, 'time': 4.340000152587891, 'distance': 29.83198356628418, 'fitness': -997142857.1428572, 'progress_delta': 0.0, 'last_reward_progress': 2.857142857142857, 'reward': -997.1428571428572}"
-996.857143,247,431.434107,"{'term': -1.0, 'progress': 2.857142857142857, 'time': 3.119999885559082, 'distance': 17.245830535888672, 'fitness': -997142857.1428572, 'progress_delta': 0.0, 'last_reward_progress': 2.857142857142857, 'reward': -996.8571428571429}"
-996.857143,241,437.940622,"{'term': -1.0, 'progress': 2.857142857142857, 'time': 3.0299999713897705, 'distance': 26.291561126708984, 'fitness': -997142857.1428572, 'progress_delta': 0.0, 'last_reward_progress': 2.857142857142857, 'reward': -997.1428571428572}"
-1000.0,181,443.316191,"{'term': -1.0, 'progress': 0.0, 'time': 2.009999990463257, 'distance': 1.2245508432388306, 'fitness': -1000000000.0, 'progress_delta': 0.0, 'last_reward_progress': 0.0, 'reward': -1000.0}"
-996.857143,328,451.361912,"{'term': -1.0, 'progress': 2.857142857142857, 'time': 4.75, 'distance': 28.930294036865234, 'fitness': -997142857.1428572, 'progress_delta': 0.0, 'last_reward_progress': 2.857142857142857, 'reward': -997.1428571428572}"
-996.857143,371,460.32532,"{'term': -1.0, 'progress': 2.857142857142857, 'time': 5.320000171661377, 'distance': 29.754810333251953, 'fitness': -997142857.1428572, 'progress_delta': 0.0, 'last_reward_progress': 2.857142857142857, 'reward': -997.1428571428572}"
-996.857143,252,467.039225,"{'term': -1.0, 'progress': 2.857142857142857, 'time': 3.2300000190734863, 'distance': 23.677165985107422, 'fitness': -997142857.1428572, 'progress_delta': 0.0, 'last_reward_progress': 2.857142857142857, 'reward': -996.8571428571429}"
-996.857143,267,473.827537,"{'term': -1.0, 'progress': 2.857142857142857, 'time': 3.4200000762939453, 'distance': 23.666208267211914, 'fitness': -997142857.1428572, 'progress_delta': 0.0, 'last_reward_progress': 2.857142857142857, 'reward': -996.8571428571429}"
-996.857143,324,481.729119,"{'term': -1.0, 'progress': 2.857142857142857, 'time': 4.519999980926514, 'distance': 25.66597557067871, 'fitness': -997142857.1428572, 'progress_delta': 0.0, 'last_reward_progress': 2.857142857142857, 'reward': -997.1428571428572}"
-996.857143,305,489.23403,"{'term': -1.0, 'progress': 2.857142857142857, 'time': 4.230000019073486, 'distance': 32.21833038330078, 'fitness': -997142857.1428572, 'progress_delta': 0.0, 'last_reward_progress': 2.857142857142857, 'reward': -997.1428571428572}"
-996.857143,266,496.318571,"{'term': -1.0, 'progress': 2.857142857142857, 'time': 3.609999895095825, 'distance': 21.878267288208008, 'fitness': -997142857.1428572, 'progress_delta': 0.0, 'last_reward_progress': 2.857142857142857, 'reward': -996.8571428571429}"
-1000.0,242,502.863052,"{'term': -1.0, 'progress': 0.0, 'time': 3.059999942779541, 'distance': 18.545978546142578, 'fitness': -1000000000.0, 'progress_delta': 0.0, 'last_reward_progress': 0.0, 'reward': -1000.0}"
-1000.0,180,508.224396,"{'term': -1.0, 'progress': 0.0, 'time': 2.0199999809265137, 'distance': 0.8895058035850525, 'fitness': -1000000000.0, 'progress_delta': 0.0, 'last_reward_progress': 0.0, 'reward': -1000.0}"
-996.857143,304,516.077086,"{'term': -1.0, 'progress': 2.857142857142857, 'time': 4.369999885559082, 'distance': 29.18870735168457, 'fitness': -997142857.1428572, 'progress_delta': 0.0, 'last_reward_progress': 2.857142857142857, 'reward': -997.1428571428572}"
-1000.0,225,522.321851,"{'term': -1.0, 'progress': 0.0, 'time': 2.7200000286102295, 'distance': 19.648386001586914, 'fitness': -1000000000.0, 'progress_delta': 0.0, 'last_reward_progress': 0.0, 'reward': -1000.0}"
-1000.0,223,528.545818,"{'term': -1.0, 'progress': 0.0, 'time': 2.740000009536743, 'distance': 19.54145050048828, 'fitness': -1000000000.0, 'progress_delta': 0.0, 'last_reward_progress': 0.0, 'reward': -1000.0}"
-996.857143,303,536.125793,"{'term': -1.0, 'progress': 2.857142857142857, 'time': 4.179999828338623, 'distance': 33.3621826171875, 'fitness': -997142857.1428572, 'progress_delta': 0.0, 'last_reward_progress': 2.857142857142857, 'reward': -997.1428571428572}"
-996.857143,237,542.54266,"{'term': -1.0, 'progress': 2.857142857142857, 'time': 3.0399999618530273, 'distance': 21.821027755737305, 'fitness': -997142857.1428572, 'progress_delta': 0.0, 'last_reward_progress': 2.857142857142857, 'reward': -996.8571428571429}"
-1000.0,208,548.398106,"{'term': -1.0, 'progress': 0.0, 'time': 2.490000009536743, 'distance': 19.16366958618164, 'fitness': -1000000000.0, 'progress_delta': 0.0, 'last_reward_progress': 0.0, 'reward': -1000.0}"
-996.857143,262,555.140929,"{'term': -1.0, 'progress': 2.857142857142857, 'time': 3.440000057220459, 'distance': 26.04360008239746, 'fitness': -997142857.1428572, 'progress_delta': 0.0, 'last_reward_progress': 2.857142857142857, 'reward': -996.8571428571429}"
-1000.0,203,560.927017,"{'term': -1.0, 'progress': 0.0, 'time': 2.4200000762939453, 'distance': 19.787843704223633, 'fitness': -1000000000.0, 'progress_delta': 0.0, 'last_reward_progress': 0.0, 'reward': -1000.0}"
-1000.0,198,566.536052,"{'term': -1.0, 'progress': 0.0, 'time': 2.2300000190734863, 'distance': 17.809797286987305, 'fitness': -1000000000.0, 'progress_delta': 0.0, 'last_reward_progress': 0.0, 'reward': -1000.0}"
-1000.0,254,573.297466,"{'term': -1.0, 'progress': 0.0, 'time': 3.390000104904175, 'distance': 17.976318359375, 'fitness': -1000000000.0, 'progress_delta': 0.0, 'last_reward_progress': 0.0, 'reward': -1000.0}"
-1000.0,251,579.904783,"{'term': -1.0, 'progress': 0.0, 'time': 3.200000047683716, 'distance': 18.830917358398438, 'fitness': -1000000000.0, 'progress_delta': 0.0, 'last_reward_progress': 0.0, 'reward': -1000.0}"
-1000.0,209,585.802897,"{'term': -1.0, 'progress': 0.0, 'time': 2.5, 'distance': 18.81631851196289, 'fitness': -1000000000.0, 'progress_delta': 0.0, 'last_reward_progress': 0.0, 'reward': -1000.0}"
-1000.0,257,592.443952,"{'term': -1.0, 'progress': 0.0, 'time': 3.3399999141693115, 'distance': 19.673871994018555, 'fitness': -1000000000.0, 'progress_delta': 0.0, 'last_reward_progress': 0.0, 'reward': -1000.0}"
-1000.0,294,600.072714,"{'term': -1.0, 'progress': 0.0, 'time': 4.170000076293945, 'distance': 18.078384399414062, 'fitness': -1000000000.0, 'progress_delta': 0.0, 'last_reward_progress': 0.0, 'reward': -1000.0}"
-1000.0,178,605.713455,"{'term': -1.0, 'progress': 0.0, 'time': 2.009999990463257, 'distance': 0.5324704051017761, 'fitness': -1000000000.0, 'progress_delta': 0.0, 'last_reward_progress': 0.0, 'reward': -1000.0}"
-1000.0,216,611.887877,"{'term': -1.0, 'progress': 0.0, 'time': 2.680000066757202, 'distance': 17.85433578491211, 'fitness': -1000000000.0, 'progress_delta': 0.0, 'last_reward_progress': 0.0, 'reward': -1000.0}"
-1000.0,245,618.40521,"{'term': -1.0, 'progress': 0.0, 'time': 3.0999999046325684, 'distance': 19.44560432434082, 'fitness': -1000000000.0, 'progress_delta': 0.0, 'last_reward_progress': 0.0, 'reward': -1000.0}"
-996.857143,333,626.580737,"{'term': -1.0, 'progress': 2.857142857142857, 'time': 4.769999980926514, 'distance': 28.109600067138672, 'fitness': -997142857.1428572, 'progress_delta': 0.0, 'last_reward_progress': 2.857142857142857, 'reward': -997.1428571428572}"
-1000.0,188,634.441898,"{'term': -1.0, 'progress': 0.0, 'time': 2.3399999141693115, 'distance': 17.748510360717773, 'fitness': -1000000000.0, 'progress_delta': 0.0, 'last_reward_progress': 0.0, 'reward': -1000.0}"
-1000.0,218,641.274058,"{'term': -1.0, 'progress': 0.0, 'time': 2.9700000286102295, 'distance': 21.029943466186523, 'fitness': -1000000000.0, 'progress_delta': 0.0, 'last_reward_progress': 0.0, 'reward': -1000.0}"
-1000.0,227,648.219735,"{'term': -1.0, 'progress': 0.0, 'time': 2.9100000858306885, 'distance': 18.055992126464844, 'fitness': -1000000000.0, 'progress_delta': 0.0, 'last_reward_progress': 0.0, 'reward': -1000.0}"
-1000.0,190,654.018952,"{'term': -1.0, 'progress': 0.0, 'time': 2.309999942779541, 'distance': 17.393341064453125, 'fitness': -1000000000.0, 'progress_delta': 0.0, 'last_reward_progress': 0.0, 'reward': -1000.0}"
-1000.0,186,659.63142,"{'term': -1.0, 'progress': 0.0, 'time': 2.0199999809265137, 'distance': 2.294527292251587, 'fitness': -1000000000.0, 'progress_delta': 0.0, 'last_reward_progress': 0.0, 'reward': -1000.0}"
-996.857143,293,667.782482,"{'term': -1.0, 'progress': 2.857142857142857, 'time': 4.570000171661377, 'distance': 31.567424774169922, 'fitness': -997142857.1428572, 'progress_delta': 0.0, 'last_reward_progress': 2.857142857142857, 'reward': -996.8571428571429}"
-996.857143,289,675.224436,"{'term': -1.0, 'progress': 2.857142857142857, 'time': 4.019999980926514, 'distance': 26.86879539489746, 'fitness': -997142857.1428572, 'progress_delta': 0.0, 'last_reward_progress': 2.857142857142857, 'reward': -996.8571428571429}"
-996.857143,270,682.176875,"{'term': -1.0, 'progress': 2.857142857142857, 'time': 3.569999933242798, 'distance': 27.299089431762695, 'fitness': -997142857.1428572, 'progress_delta': 0.0, 'last_reward_progress': 2.857142857142857, 'reward': -996.8571428571429}"
-996.857143,282,689.534514,"{'term': -1.0, 'progress': 2.857142857142857, 'time': 3.809999942779541, 'distance': 27.396501541137695, 'fitness': -997142857.1428572, 'progress_delta': 0.0, 'last_reward_progress': 2.857142857142857, 'reward': -996.8571428571429}"
-996.857143,360,698.294227,"{'term': -1.0, 'progress': 2.857142857142857, 'time': 5.190000057220459, 'distance': 30.091506958007812, 'fitness': -997142857.1428572, 'progress_delta': 0.0, 'last_reward_progress': 2.857142857142857, 'reward': -997.1428571428572}"
-1000.0,181,703.727763,"{'term': -1.0, 'progress': 0.0, 'time': 2.0199999809265137, 'distance': 3.065877914428711, 'fitness': -1000000000.0, 'progress_delta': 0.0, 'last_reward_progress': 0.0, 'reward': -1000.0}"
-996.857143,267,710.63283,"{'term': -1.0, 'progress': 2.857142857142857, 'time': 3.619999885559082, 'distance': 29.796817779541016, 'fitness': -997142857.1428572, 'progress_delta': 0.0, 'last_reward_progress': 2.857142857142857, 'reward': -996.8571428571429}"
-1000.0,182,716.01997,"{'term': -1.0, 'progress': 0.0, 'time': 2.009999990463257, 'distance': 2.71905517578125, 'fitness': -1000000000.0, 'progress_delta': 0.0, 'last_reward_progress': 0.0, 'reward': -1000.0}"
-996.857143,270,722.94672,"{'term': -1.0, 'progress': 2.857142857142857, 'time': 3.640000104904175, 'distance': 27.903757095336914, 'fitness': -997142857.1428572, 'progress_delta': 0.0, 'last_reward_progress': 2.857142857142857, 'reward': -996.8571428571429}"
-996.857143,324,731.000762,"{'term': -1.0, 'progress': 2.857142857142857, 'time': 4.690000057220459, 'distance': 27.712947845458984, 'fitness': -997142857.1428572, 'progress_delta': 0.0, 'last_reward_progress': 2.857142857142857, 'reward': -997.1428571428572}"
-996.857143,270,738.338773,"{'term': -1.0, 'progress': 2.857142857142857, 'time': 3.7300000190734863, 'distance': 28.197961807250977, 'fitness': -997142857.1428572, 'progress_delta': 0.0, 'last_reward_progress': 2.857142857142857, 'reward': -996.8571428571429}"
-996.857143,258,745.26201,"{'term': -1.0, 'progress': 2.857142857142857, 'time': 3.4600000381469727, 'distance': 24.786312103271484, 'fitness': -997142857.1428572, 'progress_delta': 0.0, 'last_reward_progress': 2.857142857142857, 'reward': -996.8571428571429}"
-996.857143,241,751.72324,"{'term': -1.0, 'progress': 2.857142857142857, 'time': 3.0199999809265137, 'distance': 24.20073699951172, 'fitness': -997142857.1428572, 'progress_delta': 0.0, 'last_reward_progress': 2.857142857142857, 'reward': -996.8571428571429}"
-996.857143,252,758.509055,"{'term': -1.0, 'progress': 2.857142857142857, 'time': 3.4000000953674316, 'distance': 26.960317611694336, 'fitness': -997142857.1428572, 'progress_delta': 0.0, 'last_reward_progress': 2.857142857142857, 'reward': -997.1428571428572}"
-996.857143,236,764.927972,"{'term': -1.0, 'progress': 2.857142857142857, 'time': 3.0199999809265137, 'distance': 27.734540939331055, 'fitness': -997142857.1428572, 'progress_delta': 0.0, 'last_reward_progress': 2.857142857142857, 'reward': -997.1428571428572}"
-996.857143,315,772.794038,"{'term': -1.0, 'progress': 2.857142857142857, 'time': 4.389999866485596, 'distance': 31.642690658569336, 'fitness': -997142857.1428572, 'progress_delta': 0.0, 'last_reward_progress': 2.857142857142857, 'reward': -997.1428571428572}"
-996.857143,282,779.984102,"{'term': -1.0, 'progress': 2.857142857142857, 'time': 3.7799999713897705, 'distance': 25.794971466064453, 'fitness': -997142857.1428572, 'progress_delta': 0.0, 'last_reward_progress': 2.857142857142857, 'reward': -996.8571428571429}"
-996.857143,289,787.623139,"{'term': -1.0, 'progress': 2.857142857142857, 'time': 4.21999979019165, 'distance': 32.18436050415039, 'fitness': -997142857.1428572, 'progress_delta': 0.0, 'last_reward_progress': 2.857142857142857, 'reward': -997.1428571428572}"
-1000.0,254,794.750495,"{'term': -1.0, 'progress': 0.0, 'time': 3.440000057220459, 'distance': 20.422197341918945, 'fitness': -1000000000.0, 'progress_delta': 0.0, 'last_reward_progress': 0.0, 'reward': -1000.0}"
-996.857143,256,801.489341,"{'term': -1.0, 'progress': 2.857142857142857, 'time': 3.2799999713897705, 'distance': 23.92265510559082, 'fitness': -997142857.1428572, 'progress_delta': 0.0, 'last_reward_progress': 2.857142857142857, 'reward': -996.8571428571429}"
-996.857143,289,808.872914,"{'term': -1.0, 'progress': 2.857142857142857, 'time': 3.9700000286102295, 'distance': 25.08194923400879, 'fitness': -997142857.1428572, 'progress_delta': 0.0, 'last_reward_progress': 2.857142857142857, 'reward': -996.8571428571429}"
-996.857143,270,815.921854,"{'term': -1.0, 'progress': 2.857142857142857, 'time': 3.619999885559082, 'distance': 23.126121520996094, 'fitness': -997142857.1428572, 'progress_delta': 0.0, 'last_reward_progress': 2.857142857142857, 'reward': -996.8571428571429}"
-996.857143,250,822.644897,"{'term': -1.0, 'progress': 2.857142857142857, 'time': 3.240000009536743, 'distance': 27.4152774810791, 'fitness': -997142857.1428572, 'progress_delta': 0.0, 'last_reward_progress': 2.857142857142857, 'reward': -997.1428571428572}"
-996.857143,252,829.198328,"{'term': -1.0, 'progress': 2.857142857142857, 'time': 3.200000047683716, 'distance': 21.928247451782227, 'fitness': -997142857.1428572, 'progress_delta': 0.0, 'last_reward_progress': 2.857142857142857, 'reward': -996.8571428571429}"
-996.857143,308,836.814426,"{'term': -1.0, 'progress': 2.857142857142857, 'time': 4.309999942779541, 'distance': 28.465469360351562, 'fitness': -997142857.1428572, 'progress_delta': 0.0, 'last_reward_progress': 2.857142857142857, 'reward': -997.1428571428572}"
-996.857143,253,843.555352,"{'term': -1.0, 'progress': 2.857142857142857, 'time': 3.2899999618530273, 'distance': 22.865840911865234, 'fitness': -997142857.1428572, 'progress_delta': 0.0, 'last_reward_progress': 2.857142857142857, 'reward': -996.8571428571429}"
-1000.0,248,850.344374,"{'term': -1.0, 'progress': 0.0, 'time': 3.240000009536743, 'distance': 19.17521858215332, 'fitness': -1000000000.0, 'progress_delta': 0.0, 'last_reward_progress': 0.0, 'reward': -1000.0}"
-996.857143,260,857.312823,"{'term': -1.0, 'progress': 2.857142857142857, 'time': 3.4100000858306885, 'distance': 25.996681213378906, 'fitness': -997142857.1428572, 'progress_delta': 0.0, 'last_reward_progress': 2.857142857142857, 'reward': -996.8571428571429}"
-996.857143,285,864.686099,"{'term': -1.0, 'progress': 2.857142857142857, 'time': 3.9800000190734863, 'distance': 24.467256546020508, 'fitness': -997142857.1428572, 'progress_delta': 0.0, 'last_reward_progress': 2.857142857142857, 'reward': -996.8571428571429}"
-996.857143,230,871.113217,"{'term': -1.0, 'progress': 2.857142857142857, 'time': 3.009999990463257, 'distance': 24.48414421081543, 'fitness': -997142857.1428572, 'progress_delta': 0.0, 'last_reward_progress': 2.857142857142857, 'reward': -997.1428571428572}"
-996.857143,403,880.701466,"{'term': -1.0, 'progress': 2.857142857142857, 'time': 6.099999904632568, 'distance': 43.25550079345703, 'fitness': -997142857.1428572, 'progress_delta': 0.0, 'last_reward_progress': 2.857142857142857, 'reward': -997.1428571428572}"
-1000.0,232,887.047145,"{'term': -1.0, 'progress': 0.0, 'time': 2.940000057220459, 'distance': 20.398679733276367, 'fitness': -1000000000.0, 'progress_delta': 0.0, 'last_reward_progress': 0.0, 'reward': -1000.0}"
-996.857143,250,893.783961,"{'term': -1.0, 'progress': 2.857142857142857, 'time': 3.2799999713897705, 'distance': 23.109987258911133, 'fitness': -997142857.1428572, 'progress_delta': 0.0, 'last_reward_progress': 2.857142857142857, 'reward': -996.8571428571429}"
-996.857143,235,900.226752,"{'term': -1.0, 'progress': 2.857142857142857, 'time': 3.0199999809265137, 'distance': 21.141592025756836, 'fitness': -997142857.1428572, 'progress_delta': 0.0, 'last_reward_progress': 2.857142857142857, 'reward': -996.8571428571429}"
-996.857143,433,910.390296,"{'term': -1.0, 'progress': 2.857142857142857, 'time': 6.579999923706055, 'distance': 45.88084411621094, 'fitness': -997142857.1428572, 'progress_delta': 0.0, 'last_reward_progress': 2.857142857142857, 'reward': -997.1428571428572}"
-993.714286,532,922.135418,"{'term': -1.0, 'progress': 5.714285714285714, 'time': 8.329999923706055, 'distance': 68.56829833984375, 'fitness': -994285714.2857143, 'progress_delta': 0.0, 'last_reward_progress': 5.714285714285714, 'reward': -994.2857142857142}"
-993.714286,413,931.917787,"{'term': -1.0, 'progress': 5.714285714285714, 'time': 6.210000038146973, 'distance': 53.403018951416016, 'fitness': -994285714.2857143, 'progress_delta': 0.0, 'last_reward_progress': 5.714285714285714, 'reward': -994.2857142857142}"
-996.857143,238,939.006679,"{'term': -1.0, 'progress': 2.857142857142857, 'time': 3.0999999046325684, 'distance': 21.602994918823242, 'fitness': -997142857.1428572, 'progress_delta': 0.0, 'last_reward_progress': 2.857142857142857, 'reward': -996.8571428571429}"
-996.857143,227,945.965395,"{'term': -1.0, 'progress': 2.857142857142857, 'time': 3.059999942779541, 'distance': 24.672029495239258, 'fitness': -997142857.1428572, 'progress_delta': 0.0, 'last_reward_progress': 2.857142857142857, 'reward': -997.1428571428572}"
-996.857143,340,954.763623,"{'term': -1.0, 'progress': 2.857142857142857, 'time': 5.260000228881836, 'distance': 38.53147888183594, 'fitness': -997142857.1428572, 'progress_delta': 0.0, 'last_reward_progress': 2.857142857142857, 'reward': -997.1428571428572}"
-996.857143,251,961.583178,"{'term': -1.0, 'progress': 2.857142857142857, 'time': 3.380000114440918, 'distance': 20.786258697509766, 'fitness': -997142857.1428572, 'progress_delta': 0.0, 'last_reward_progress': 2.857142857142857, 'reward': -996.8571428571429}"
-996.857143,243,968.442054,"{'term': -1.0, 'progress': 2.857142857142857, 'time': 3.440000057220459, 'distance': 22.850242614746094, 'fitness': -997142857.1428572, 'progress_delta': 0.0, 'last_reward_progress': 2.857142857142857, 'reward': -996.8571428571429}"
-996.857143,229,975.216245,"{'term': -1.0, 'progress': 2.857142857142857, 'time': 3.009999990463257, 'distance': 26.094324111938477, 'fitness': -997142857.1428572, 'progress_delta': 0.0, 'last_reward_progress': 2.857142857142857, 'reward': -997.1428571428572}"
-996.857143,263,983.033934,"{'term': -1.0, 'progress': 2.857142857142857, 'time': 3.5299999713897705, 'distance': 24.185937881469727, 'fitness': -997142857.1428572, 'progress_delta': 0.0, 'last_reward_progress': 2.857142857142857, 'reward': -996.8571428571429}"
-996.857143,261,990.130754,"{'term': -1.0, 'progress': 2.857142857142857, 'time': 3.619999885559082, 'distance': 23.84955406188965, 'fitness': -997142857.1428572, 'progress_delta': 0.0, 'last_reward_progress': 2.857142857142857, 'reward': -996.8571428571429}"
-996.857143,285,998.909058,"{'term': -1.0, 'progress': 2.857142857142857, 'time': 4.199999809265137, 'distance': 25.06057357788086, 'fitness': -997142857.1428572, 'progress_delta': 0.0, 'last_reward_progress': 2.857142857142857, 'reward': -996.8571428571429}"
-996.857143,207,1006.969505,"{'term': -1.0, 'progress': 2.857142857142857, 'time': 4.559999942779541, 'distance': 25.60483741760254, 'fitness': -997142857.1428572, 'progress_delta': 0.0, 'last_reward_progress': 2.857142857142857, 'reward': -997.1428571428572}"
-996.857143,188,1013.62009,"{'term': -1.0, 'progress': 2.857142857142857, 'time': 3.009999990463257, 'distance': 28.589092254638672, 'fitness': -997142857.1428572, 'progress_delta': 0.0, 'last_reward_progress': 2.857142857142857, 'reward': -996.8571428571429}"
-996.857143,362,1022.838503,"{'term': -1.0, 'progress': 2.857142857142857, 'time': 5.730000019073486, 'distance': 40.42728042602539, 'fitness': -997142857.1428572, 'progress_delta': 0.0, 'last_reward_progress': 2.857142857142857, 'reward': -997.1428571428572}"
-996.857143,249,1029.781748,"{'term': -1.0, 'progress': 2.857142857142857, 'time': 3.4700000286102295, 'distance': 24.87507438659668, 'fitness': -997142857.1428572, 'progress_delta': 0.0, 'last_reward_progress': 2.857142857142857, 'reward': -997.1428571428572}"
-996.857143,662,1041.875519,"{'term': -1.0, 'progress': 2.857142857142857, 'time': 7.170000076293945, 'distance': 42.025726318359375, 'fitness': -997142857.1428572, 'progress_delta': 0.0, 'last_reward_progress': 2.857142857142857, 'reward': -997.1428571428572}"
-996.857143,633,1051.653442,"{'term': -1.0, 'progress': 2.857142857142857, 'time': 6.239999771118164, 'distance': 37.14889144897461, 'fitness': -997142857.1428572, 'progress_delta': 0.0, 'last_reward_progress': 2.857142857142857, 'reward': -997.1428571428572}"
-996.857143,464,1059.389389,"{'term': -1.0, 'progress': 2.857142857142857, 'time': 4.28000020980835, 'distance': 34.089866638183594, 'fitness': -997142857.1428572, 'progress_delta': 0.0, 'last_reward_progress': 2.857142857142857, 'reward': -997.1428571428572}"
-996.857143,485,1067.345326,"{'term': -1.0, 'progress': 2.857142857142857, 'time': 4.440000057220459, 'distance': 31.826007843017578, 'fitness': -997142857.1428572, 'progress_delta': 0.0, 'last_reward_progress': 2.857142857142857, 'reward': -997.1428571428572}"
-996.857143,501,1075.807259,"{'term': -1.0, 'progress': 2.857142857142857, 'time': 4.900000095367432, 'distance': 34.90434265136719, 'fitness': -997142857.1428572, 'progress_delta': 0.0, 'last_reward_progress': 2.857142857142857, 'reward': -997.1428571428572}"
-996.857143,297,1088.172471,"{'term': -1.0, 'progress': 2.857142857142857, 'time': 4.46999979019165, 'distance': 34.07333755493164, 'fitness': -997142857.1428572, 'progress_delta': 0.0, 'last_reward_progress': 2.857142857142857, 'reward': -997.1428571428572}"
-996.857143,239,1095.10788,"{'term': -1.0, 'progress': 2.857142857142857, 'time': 3.5, 'distance': 27.26803207397461, 'fitness': -997142857.1428572, 'progress_delta': 0.0, 'last_reward_progress': 2.857142857142857, 'reward': -997.1428571428572}"
-1000.0,199,1101.5083,"{'term': -1.0, 'progress': 0.0, 'time': 2.4000000953674316, 'distance': 18.945730209350586, 'fitness': -1000000000.0, 'progress_delta': 0.0, 'last_reward_progress': 0.0, 'reward': -1000.0}"
-996.857143,323,1110.707169,"{'term': -1.0, 'progress': 2.857142857142857, 'time': 5.099999904632568, 'distance': 34.7376823425293, 'fitness': -997142857.1428572, 'progress_delta': 0.0, 'last_reward_progress': 2.857142857142857, 'reward': -997.1428571428572}"
-996.857143,269,1118.23054,"{'term': -1.0, 'progress': 2.857142857142857, 'time': 3.7200000286102295, 'distance': 27.26418113708496, 'fitness': -997142857.1428572, 'progress_delta': 0.0, 'last_reward_progress': 2.857142857142857, 'reward': -996.8571428571429}"
-996.857143,437,1128.496032,"{'term': -1.0, 'progress': 2.857142857142857, 'time': 6.789999961853027, 'distance': 36.8710823059082, 'fitness': -997142857.1428572, 'progress_delta': 0.0, 'last_reward_progress': 2.857142857142857, 'reward': -997.1428571428572}"
-996.857143,327,1136.440515,"{'term': -1.0, 'progress': 2.857142857142857, 'time': 4.539999961853027, 'distance': 30.23691177368164, 'fitness': -997142857.1428572, 'progress_delta': 0.0, 'last_reward_progress': 2.857142857142857, 'reward': -997.1428571428572}"
-996.857143,254,1143.226026,"{'term': -1.0, 'progress': 2.857142857142857, 'time': 3.4200000762939453, 'distance': 25.84644317626953, 'fitness': -997142857.1428572, 'progress_delta': 0.0, 'last_reward_progress': 2.857142857142857, 'reward': -997.1428571428572}"
-996.857143,289,1150.70061,"{'term': -1.0, 'progress': 2.857142857142857, 'time': 3.9000000953674316, 'distance': 27.06862449645996, 'fitness': -997142857.1428572, 'progress_delta': 0.0, 'last_reward_progress': 2.857142857142857, 'reward': -996.8571428571429}"
-996.857143,246,1157.197553,"{'term': -1.0, 'progress': 2.857142857142857, 'time': 3.0999999046325684, 'distance': 25.9715633392334, 'fitness': -997142857.1428572, 'progress_delta': 0.0, 'last_reward_progress': 2.857142857142857, 'reward': -997.1428571428572}"
-996.857143,241,1163.677886,"{'term': -1.0, 'progress': 2.857142857142857, 'time': 3.0399999618530273, 'distance': 25.828657150268555, 'fitness': -997142857.1428572, 'progress_delta': 0.0, 'last_reward_progress': 2.857142857142857, 'reward': -997.1428571428572}"
-996.857143,230,1170.019837,"{'term': -1.0, 'progress': 2.857142857142857, 'time': 3.009999990463257, 'distance': 24.030956268310547, 'fitness': -997142857.1428572, 'progress_delta': 0.0, 'last_reward_progress': 2.857142857142857, 'reward': -997.1428571428572}"
-996.857143,355,1178.549113,"{'term': -1.0, 'progress': 2.857142857142857, 'time': 5.119999885559082, 'distance': 44.20115661621094, 'fitness': -997142857.1428572, 'progress_delta': 0.0, 'last_reward_progress': 2.857142857142857, 'reward': -997.1428571428572}"
-996.857143,272,1185.461663,"{'term': -1.0, 'progress': 2.857142857142857, 'time': 3.559999942779541, 'distance': 25.305727005004883, 'fitness': -997142857.1428572, 'progress_delta': 0.0, 'last_reward_progress': 2.857142857142857, 'reward': -996.8571428571429}"
-1000.0,209,1191.351993,"{'term': -1.0, 'progress': 0.0, 'time': 2.549999952316284, 'distance': 18.184415817260742, 'fitness': -1000000000.0, 'progress_delta': 0.0, 'last_reward_progress': 0.0, 'reward': -1000.0}"
-996.857143,333,1199.445078,"{'term': -1.0, 'progress': 2.857142857142857, 'time': 4.739999771118164, 'distance': 31.96622657775879, 'fitness': -997142857.1428572, 'progress_delta': 0.0, 'last_reward_progress': 2.857142857142857, 'reward': -997.1428571428572}"
-1000.0,240,1205.82694,"{'term': -1.0, 'progress': 0.0, 'time': 3.0199999809265137, 'distance': 20.1243896484375, 'fitness': -1000000000.0, 'progress_delta': 0.0, 'last_reward_progress': 0.0, 'reward': -1000.0}"
-996.857143,311,1213.830106,"{'term': -1.0, 'progress': 2.857142857142857, 'time': 4.420000076293945, 'distance': 30.3676815032959, 'fitness': -997142857.1428572, 'progress_delta': 0.0, 'last_reward_progress': 2.857142857142857, 'reward': -997.1428571428572}"
-996.857143,367,1222.60797,"{'term': -1.0, 'progress': 2.857142857142857, 'time': 5.300000190734863, 'distance': 40.11550521850586, 'fitness': -997142857.1428572, 'progress_delta': 0.0, 'last_reward_progress': 2.857142857142857, 'reward': -997.1428571428572}"
-996.857143,362,1231.135231,"{'term': -1.0, 'progress': 2.857142857142857, 'time': 5.230000019073486, 'distance': 33.684120178222656, 'fitness': -997142857.1428572, 'progress_delta': 0.0, 'last_reward_progress': 2.857142857142857, 'reward': -997.1428571428572}"
-996.857143,299,1238.599523,"{'term': -1.0, 'progress': 2.857142857142857, 'time': 4.300000190734863, 'distance': 32.05029296875, 'fitness': -997142857.1428572, 'progress_delta': 0.0, 'last_reward_progress': 2.857142857142857, 'reward': -996.8571428571429}"
-996.857143,459,1249.407084,"{'term': -1.0, 'progress': 2.857142857142857, 'time': 7.300000190734863, 'distance': 50.35786056518555, 'fitness': -997142857.1428572, 'progress_delta': 0.0, 'last_reward_progress': 2.857142857142857, 'reward': -997.1428571428572}"
-996.857143,266,1256.458953,"{'term': -1.0, 'progress': 2.857142857142857, 'time': 3.8499999046325684, 'distance': 31.53139305114746, 'fitness': -997142857.1428572, 'progress_delta': 0.0, 'last_reward_progress': 2.857142857142857, 'reward': -997.1428571428572}"
-996.857143,288,1263.757972,"{'term': -1.0, 'progress': 2.857142857142857, 'time': 3.9600000381469727, 'distance': 26.08563995361328, 'fitness': -997142857.1428572, 'progress_delta': 0.0, 'last_reward_progress': 2.857142857142857, 'reward': -996.8571428571429}"
-996.857143,303,1271.35297,"{'term': -1.0, 'progress': 2.857142857142857, 'time': 4.349999904632568, 'distance': 29.85991668701172, 'fitness': -997142857.1428572, 'progress_delta': 0.0, 'last_reward_progress': 2.857142857142857, 'reward': -997.1428571428572}"
-996.857143,254,1278.026425,"{'term': -1.0, 'progress': 2.857142857142857, 'time': 3.319999933242798, 'distance': 28.70063591003418, 'fitness': -997142857.1428572, 'progress_delta': 0.0, 'last_reward_progress': 2.857142857142857, 'reward': -997.1428571428572}"
-996.857143,319,1285.816722,"{'term': -1.0, 'progress': 2.857142857142857, 'time': 4.510000228881836, 'distance': 31.507444381713867, 'fitness': -997142857.1428572, 'progress_delta': 0.0, 'last_reward_progress': 2.857142857142857, 'reward': -997.1428571428572}"
-996.857143,291,1293.075149,"{'term': -1.0, 'progress': 2.857142857142857, 'time': 4.070000171661377, 'distance': 30.850296020507812, 'fitness': -997142857.1428572, 'progress_delta': 0.0, 'last_reward_progress': 2.857142857142857, 'reward': -996.8571428571429}"
-996.857143,339,1301.112162,"{'term': -1.0, 'progress': 2.857142857142857, 'time': 4.809999942779541, 'distance': 30.978546142578125, 'fitness': -997142857.1428572, 'progress_delta': 0.0, 'last_reward_progress': 2.857142857142857, 'reward': -997.1428571428572}"
-996.857143,379,1309.900564,"{'term': -1.0, 'progress': 2.857142857142857, 'time': 5.599999904632568, 'distance': 31.636688232421875, 'fitness': -997142857.1428572, 'progress_delta': 0.0, 'last_reward_progress': 2.857142857142857, 'reward': -997.1428571428572}"
-996.857143,325,1317.871073,"{'term': -1.0, 'progress': 2.857142857142857, 'time': 4.769999980926514, 'distance': 34.43988800048828, 'fitness': -997142857.1428572, 'progress_delta': 0.0, 'last_reward_progress': 2.857142857142857, 'reward': -997.1428571428572}"
-996.857143,283,1325.082387,"{'term': -1.0, 'progress': 2.857142857142857, 'time': 3.880000114440918, 'distance': 31.513395309448242, 'fitness': -997142857.1428572, 'progress_delta': 0.0, 'last_reward_progress': 2.857142857142857, 'reward': -996.8571428571429}"
-996.857143,297,1332.398866,"{'term': -1.0, 'progress': 2.857142857142857, 'time': 4.099999904632568, 'distance': 35.80040740966797, 'fitness': -997142857.1428572, 'progress_delta': 0.0, 'last_reward_progress': 2.857142857142857, 'reward': -997.1428571428572}"
-996.857143,386,1341.479339,"{'term': -1.0, 'progress': 2.857142857142857, 'time': 5.679999828338623, 'distance': 39.58690643310547, 'fitness': -997142857.1428572, 'progress_delta': 0.0, 'last_reward_progress': 2.857142857142857, 'reward': -997.1428571428572}"
-996.857143,311,1349.498315,"{'term': -1.0, 'progress': 2.857142857142857, 'time': 4.5, 'distance': 33.525489807128906, 'fitness': -997142857.1428572, 'progress_delta': 0.0, 'last_reward_progress': 2.857142857142857, 'reward': -997.1428571428572}"
-996.857143,287,1357.074118,"{'term': -1.0, 'progress': 2.857142857142857, 'time': 4.070000171661377, 'distance': 37.580406188964844, 'fitness': -997142857.1428572, 'progress_delta': 0.0, 'last_reward_progress': 2.857142857142857, 'reward': -997.1428571428572}"
-996.857143,318,1364.932555,"{'term': -1.0, 'progress': 2.857142857142857, 'time': 4.53000020980835, 'distance': 32.27291488647461, 'fitness': -997142857.1428572, 'progress_delta': 0.0, 'last_reward_progress': 2.857142857142857, 'reward': -997.1428571428572}"
-996.857143,296,1372.40358,"{'term': -1.0, 'progress': 2.857142857142857, 'time': 4.199999809265137, 'distance': 33.38878631591797, 'fitness': -997142857.1428572, 'progress_delta': 0.0, 'last_reward_progress': 2.857142857142857, 'reward': -997.1428571428572}"
-996.857143,379,1381.223607,"{'term': -1.0, 'progress': 2.857142857142857, 'time': 5.519999980926514, 'distance': 40.88526916503906, 'fitness': -997142857.1428572, 'progress_delta': 0.0, 'last_reward_progress': 2.857142857142857, 'reward': -997.1428571428572}"
-993.714286,440,1391.506322,"{'term': -1.0, 'progress': 5.714285714285714, 'time': 6.800000190734863, 'distance': 54.32139205932617, 'fitness': -994285714.2857143, 'progress_delta': 2.857142857142857, 'last_reward_progress': 5.714285714285714, 'reward': -993.9999999999999}"
-996.857143,360,1400.065898,"{'term': -1.0, 'progress': 2.857142857142857, 'time': 5.260000228881836, 'distance': 41.01106262207031, 'fitness': -997142857.1428572, 'progress_delta': 0.0, 'last_reward_progress': 2.857142857142857, 'reward': -997.1428571428572}"
-993.714286,471,1410.700914,"{'term': -1.0, 'progress': 5.714285714285714, 'time': 7.300000190734863, 'distance': 51.773094177246094, 'fitness': -994285714.2857143, 'progress_delta': 2.857142857142857, 'last_reward_progress': 5.714285714285714, 'reward': -993.9999999999999}"
-993.714286,463,1421.070763,"{'term': -1.0, 'progress': 5.714285714285714, 'time': 7.170000076293945, 'distance': 53.73966979980469, 'fitness': -994285714.2857143, 'progress_delta': 2.857142857142857, 'last_reward_progress': 5.714285714285714, 'reward': -993.9999999999999}"
-996.857143,495,1432.381489,"{'term': -1.0, 'progress': 2.857142857142857, 'time': 8.079999923706055, 'distance': 50.639373779296875, 'fitness': -997142857.1428572, 'progress_delta': 0.0, 'last_reward_progress': 2.857142857142857, 'reward': -997.1428571428572}"
-996.857143,575,1442.955714,"{'term': -1.0, 'progress': 2.857142857142857, 'time': 7.150000095367432, 'distance': 52.37012481689453, 'fitness': -997142857.1428572, 'progress_delta': 0.0, 'last_reward_progress': 2.857142857142857, 'reward': -997.1428571428572}"
-996.857143,602,1452.794652,"{'term': -1.0, 'progress': 2.857142857142857, 'time': 6.389999866485596, 'distance': 41.27006912231445, 'fitness': -997142857.1428572, 'progress_delta': 0.0, 'last_reward_progress': 2.857142857142857, 'reward': -997.1428571428572}"
-996.857143,445,1461.457572,"{'term': -1.0, 'progress': 2.857142857142857, 'time': 5.139999866485596, 'distance': 30.521852493286133, 'fitness': -997142857.1428572, 'progress_delta': 0.0, 'last_reward_progress': 2.857142857142857, 'reward': -997.1428571428572}"
-996.857143,448,1469.941506,"{'term': -1.0, 'progress': 2.857142857142857, 'time': 4.440000057220459, 'distance': 26.558916091918945, 'fitness': -997142857.1428572, 'progress_delta': 0.0, 'last_reward_progress': 2.857142857142857, 'reward': -997.1428571428572}"
-996.857143,423,1478.055996,"{'term': -1.0, 'progress': 2.857142857142857, 'time': 3.549999952316284, 'distance': 22.33013153076172, 'fitness': -997142857.1428572, 'progress_delta': 0.0, 'last_reward_progress': 2.857142857142857, 'reward': -997.1428571428572}"
-996.857143,487,1486.224933,"{'term': -1.0, 'progress': 2.857142857142857, 'time': 4.619999885559082, 'distance': 33.76913070678711, 'fitness': -997142857.1428572, 'progress_delta': 0.0, 'last_reward_progress': 2.857142857142857, 'reward': -997.1428571428572}"
-1000.0,352,1492.680886,"{'term': -1.0, 'progress': 0.0, 'time': 3.069999933242798, 'distance': 19.486499786376953, 'fitness': -1000000000.0, 'progress_delta': 0.0, 'last_reward_progress': 0.0, 'reward': -1000.0}"
-1000.0,323,1498.988837,"{'term': -1.0, 'progress': 0.0, 'time': 2.7799999713897705, 'distance': 18.8752498626709, 'fitness': -1000000000.0, 'progress_delta': 0.0, 'last_reward_progress': 0.0, 'reward': -1000.0}"
-996.857143,528,1507.728772,"{'term': -1.0, 'progress': 2.857142857142857, 'time': 5.21999979019165, 'distance': 36.45849609375, 'fitness': -997142857.1428572, 'progress_delta': 0.0, 'last_reward_progress': 2.857142857142857, 'reward': -997.1428571428572}"
-1000.0,353,1513.914721,"{'term': -1.0, 'progress': 0.0, 'time': 2.819999933242798, 'distance': 18.99993896484375, 'fitness': -1000000000.0, 'progress_delta': 0.0, 'last_reward_progress': 0.0, 'reward': -1000.0}"
-996.857143,529,1522.492653,"{'term': -1.0, 'progress': 2.857142857142857, 'time': 5.190000057220459, 'distance': 38.593536376953125, 'fitness': -997142857.1428572, 'progress_delta': 0.0, 'last_reward_progress': 2.857142857142857, 'reward': -997.1428571428572}"
-996.857143,509,1530.843512,"{'term': -1.0, 'progress': 2.857142857142857, 'time': 4.940000057220459, 'distance': 37.87738037109375, 'fitness': -997142857.1428572, 'progress_delta': 0.0, 'last_reward_progress': 2.857142857142857, 'reward': -997.1428571428572}"
-996.857143,440,1539.448446,"{'term': -1.0, 'progress': 2.857142857142857, 'time': 5.159999847412109, 'distance': 33.445735931396484, 'fitness': -997142857.1428572, 'progress_delta': 0.0, 'last_reward_progress': 2.857142857142857, 'reward': -997.1428571428572}"
-996.857143,387,1550.116359,"{'term': -1.0, 'progress': 2.857142857142857, 'time': 4.409999847412109, 'distance': 34.609928131103516, 'fitness': -997142857.1428572, 'progress_delta': 0.0, 'last_reward_progress': 2.857142857142857, 'reward': -997.1428571428572}"
-996.857143,440,1558.162306,"{'term': -1.0, 'progress': 2.857142857142857, 'time': 4.659999847412109, 'distance': 33.952545166015625, 'fitness': -997142857.1428572, 'progress_delta': 0.0, 'last_reward_progress': 2.857142857142857, 'reward': -997.1428571428572}"
-996.857143,662,1568.936237,"{'term': -1.0, 'progress': 2.857142857142857, 'time': 7.440000057220459, 'distance': 52.530147552490234, 'fitness': -997142857.1428572, 'progress_delta': 0.0, 'last_reward_progress': 2.857142857142857, 'reward': -997.1428571428572}"
-996.857143,372,1576.734193,"{'term': -1.0, 'progress': 2.857142857142857, 'time': 3.930000066757202, 'distance': 23.666736602783203, 'fitness': -997142857.1428572, 'progress_delta': 0.0, 'last_reward_progress': 2.857142857142857, 'reward': -996.8571428571429}"
-1000.0,342,1583.024157,"{'term': -1.0, 'progress': 0.0, 'time': 2.619999885559082, 'distance': 18.11703872680664, 'fitness': -1000000000.0, 'progress_delta': 0.0, 'last_reward_progress': 0.0, 'reward': -1000.0}"
-996.857143,411,1590.23712,"{'term': -1.0, 'progress': 2.857142857142857, 'time': 3.7300000190734863, 'distance': 22.548450469970703, 'fitness': -997142857.1428572, 'progress_delta': 0.0, 'last_reward_progress': 2.857142857142857, 'reward': -997.1428571428572}"
-996.857143,374,1597.314081,"{'term': -1.0, 'progress': 2.857142857142857, 'time': 3.7100000381469727, 'distance': 24.264511108398438, 'fitness': -997142857.1428572, 'progress_delta': 0.0, 'last_reward_progress': 2.857142857142857, 'reward': -997.1428571428572}"
-993.714286,616,1609.591035,"{'term': -1.0, 'progress': 5.714285714285714, 'time': 8.670000076293945, 'distance': 62.03049087524414, 'fitness': -994285714.2857143, 'progress_delta': 0.0, 'last_reward_progress': 5.714285714285714, 'reward': -994.2857142857142}"
-996.857143,395,1617.669987,"{'term': -1.0, 'progress': 2.857142857142857, 'time': 3.569999933242798, 'distance': 23.953956604003906, 'fitness': -997142857.1428572, 'progress_delta': 0.0, 'last_reward_progress': 2.857142857142857, 'reward': -996.8571428571429}"
-1000.0,332,1624.041947,"{'term': -1.0, 'progress': 0.0, 'time': 2.5399999618530273, 'distance': 18.897903442382812, 'fitness': -1000000000.0, 'progress_delta': 0.0, 'last_reward_progress': 0.0, 'reward': -1000.0}"
-996.857143,420,1631.7239,"{'term': -1.0, 'progress': 2.857142857142857, 'time': 3.619999885559082, 'distance': 23.750173568725586, 'fitness': -997142857.1428572, 'progress_delta': 0.0, 'last_reward_progress': 2.857142857142857, 'reward': -997.1428571428572}"
-996.857143,558,1641.24984,"{'term': -1.0, 'progress': 2.857142857142857, 'time': 6.139999866485596, 'distance': 47.799896240234375, 'fitness': -997142857.1428572, 'progress_delta': 0.0, 'last_reward_progress': 2.857142857142857, 'reward': -997.1428571428572}"
-996.857143,332,1648.59881,"{'term': -1.0, 'progress': 2.857142857142857, 'time': 3.5899999141693115, 'distance': 21.65110206604004, 'fitness': -997142857.1428572, 'progress_delta': 0.0, 'last_reward_progress': 2.857142857142857, 'reward': -996.8571428571429}"
-1000.0,368,1655.296763,"{'term': -1.0, 'progress': 0.0, 'time': 3.0899999141693115, 'distance': 19.832717895507812, 'fitness': -1000000000.0, 'progress_delta': 0.0, 'last_reward_progress': 0.0, 'reward': -1000.0}"
-1000.0,329,1661.446731,"{'term': -1.0, 'progress': 0.0, 'time': 2.549999952316284, 'distance': 18.143835067749023, 'fitness': -1000000000.0, 'progress_delta': 0.0, 'last_reward_progress': 0.0, 'reward': -1000.0}"
-996.857143,697,1671.313682,"{'term': -1.0, 'progress': 2.857142857142857, 'time': 6.610000133514404, 'distance': 44.3365478515625, 'fitness': -997142857.1428572, 'progress_delta': 0.0, 'last_reward_progress': 2.857142857142857, 'reward': -997.1428571428572}"
-1000.0,357,1677.18764,"{'term': -1.0, 'progress': 0.0, 'time': 2.5799999237060547, 'distance': 18.646238327026367, 'fitness': -1000000000.0, 'progress_delta': 0.0, 'last_reward_progress': 0.0, 'reward': -1000.0}"
-1000.0,339,1683.075608,"{'term': -1.0, 'progress': 0.0, 'time': 2.5799999237060547, 'distance': 18.663116455078125, 'fitness': -1000000000.0, 'progress_delta': 0.0, 'last_reward_progress': 0.0, 'reward': -1000.0}"
-1000.0,357,1689.166574,"{'term': -1.0, 'progress': 0.0, 'time': 2.859999895095825, 'distance': 18.740360260009766, 'fitness': -1000000000.0, 'progress_delta': 0.0, 'last_reward_progress': 0.0, 'reward': -1000.0}"
-996.857143,441,1696.329159,"{'term': -1.0, 'progress': 2.857142857142857, 'time': 3.9200000762939453, 'distance': 23.751264572143555, 'fitness': -997142857.1428572, 'progress_delta': 0.0, 'last_reward_progress': 2.857142857142857, 'reward': -997.1428571428572}"
-1000.0,405,1702.904124,"{'term': -1.0, 'progress': 0.0, 'time': 3.200000047683716, 'distance': 19.31049156188965, 'fitness': -1000000000.0, 'progress_delta': 0.0, 'last_reward_progress': 0.0, 'reward': -1000.0}"
-996.857143,546,1710.949609,"{'term': -1.0, 'progress': 2.857142857142857, 'time': 4.849999904632568, 'distance': 24.832191467285156, 'fitness': -997142857.1428572, 'progress_delta': 0.0, 'last_reward_progress': 2.857142857142857, 'reward': -997.1428571428572}"
-996.857143,453,1718.365568,"{'term': -1.0, 'progress': 2.857142857142857, 'time': 4.159999847412109, 'distance': 25.298843383789062, 'fitness': -997142857.1428572, 'progress_delta': 0.0, 'last_reward_progress': 2.857142857142857, 'reward': -997.1428571428572}"
-996.857143,403,1725.18254,"{'term': -1.0, 'progress': 2.857142857142857, 'time': 3.380000114440918, 'distance': 20.602523803710938, 'fitness': -997142857.1428572, 'progress_delta': 0.0, 'last_reward_progress': 2.857142857142857, 'reward': -997.1428571428572}"
-1000.0,438,1731.993505,"{'term': -1.0, 'progress': 0.0, 'time': 3.5899999141693115, 'distance': 18.343181610107422, 'fitness': -1000000000.0, 'progress_delta': 0.0, 'last_reward_progress': 0.0, 'reward': -1000.0}"
-996.857143,504,1739.637475,"{'term': -1.0, 'progress': 2.857142857142857, 'time': 4.230000019073486, 'distance': 21.706989288330078, 'fitness': -997142857.1428572, 'progress_delta': 0.0, 'last_reward_progress': 2.857142857142857, 'reward': -997.1428571428572}"
-996.857143,445,1746.654412,"{'term': -1.0, 'progress': 2.857142857142857, 'time': 3.75, 'distance': 21.41577911376953, 'fitness': -997142857.1428572, 'progress_delta': 0.0, 'last_reward_progress': 2.857142857142857, 'reward': -996.8571428571429}"
-1000.0,494,1754.004374,"{'term': -1.0, 'progress': 0.0, 'time': 4.099999904632568, 'distance': 19.480648040771484, 'fitness': -1000000000.0, 'progress_delta': 0.0, 'last_reward_progress': 0.0, 'reward': -1000.0}"
-996.857143,454,1761.17933,"{'term': -1.0, 'progress': 2.857142857142857, 'time': 3.880000114440918, 'distance': 20.316770553588867, 'fitness': -997142857.1428572, 'progress_delta': 0.0, 'last_reward_progress': 2.857142857142857, 'reward': -996.8571428571429}"
-996.857143,409,1767.739299,"{'term': -1.0, 'progress': 2.857142857142857, 'time': 3.3399999141693115, 'distance': 21.00016212463379, 'fitness': -997142857.1428572, 'progress_delta': 0.0, 'last_reward_progress': 2.857142857142857, 'reward': -997.1428571428572}"
-996.857143,533,1776.203249,"{'term': -1.0, 'progress': 2.857142857142857, 'time': 5.199999809265137, 'distance': 42.150604248046875, 'fitness': -997142857.1428572, 'progress_delta': 0.0, 'last_reward_progress': 2.857142857142857, 'reward': -997.1428571428572}"
-1000.0,312,1782.507215,"{'term': -1.0, 'progress': 0.0, 'time': 2.9000000953674316, 'distance': 19.40389060974121, 'fitness': -1000000000.0, 'progress_delta': 0.0, 'last_reward_progress': 0.0, 'reward': -1000.0}"
-996.857143,468,1790.24517,"{'term': -1.0, 'progress': 2.857142857142857, 'time': 4.440000057220459, 'distance': 25.861032485961914, 'fitness': -997142857.1428572, 'progress_delta': 0.0, 'last_reward_progress': 2.857142857142857, 'reward': -997.1428571428572}"
-996.857143,407,1797.55613,"{'term': -1.0, 'progress': 2.857142857142857, 'time': 3.859999895095825, 'distance': 20.520835876464844, 'fitness': -997142857.1428572, 'progress_delta': 0.0, 'last_reward_progress': 2.857142857142857, 'reward': -997.1428571428572}"
-1000.0,418,1804.113099,"{'term': -1.0, 'progress': 0.0, 'time': 3.309999942779541, 'distance': 19.52581024169922, 'fitness': -1000000000.0, 'progress_delta': 0.0, 'last_reward_progress': 0.0, 'reward': -1000.0}"
-996.857143,476,1811.574076,"{'term': -1.0, 'progress': 2.857142857142857, 'time': 4.070000171661377, 'distance': 20.3846492767334, 'fitness': -997142857.1428572, 'progress_delta': 0.0, 'last_reward_progress': 2.857142857142857, 'reward': -996.8571428571429}"
-996.857143,493,1819.896007,"{'term': -1.0, 'progress': 2.857142857142857, 'time': 4.900000095367432, 'distance': 20.2342472076416, 'fitness': -997142857.1428572, 'progress_delta': 0.0, 'last_reward_progress': 2.857142857142857, 'reward': -996.8571428571429}"
-996.857143,461,1827.124973,"{'term': -1.0, 'progress': 2.857142857142857, 'time': 4.019999980926514, 'distance': 22.110538482666016, 'fitness': -997142857.1428572, 'progress_delta': 0.0, 'last_reward_progress': 2.857142857142857, 'reward': -996.8571428571429}"
-1000.0,390,1833.372935,"{'term': -1.0, 'progress': 0.0, 'time': 2.9700000286102295, 'distance': 19.940994262695312, 'fitness': -1000000000.0, 'progress_delta': 0.0, 'last_reward_progress': 0.0, 'reward': -1000.0}"
-993.714286,368,1843.456799,"{'term': -1.0, 'progress': 5.714285714285714, 'time': 6.409999847412109, 'distance': 54.36885070800781, 'fitness': -994285714.2857143, 'progress_delta': 0.0, 'last_reward_progress': 5.714285714285714, 'reward': -993.9999999999999}"
