#{"t_start": 1777457424.5316324, "env_id": "None"}
r,l,t,episode_metrics
-1000.0,360,7.500505,"{'term': -1.0, 'progress': 0.0, 'time': 2.009999990463257, 'distance': 2.0729734897613525, 'fitness': -1000000000.0, 'fitness_delta_score': -1000.0, 'last_fitness_delta_score': -1000.0, 'last_fitness_delta_progress': 0.0, 'reward': -1000.0}"
-1000.0,400,11.585984,"{'term': -1.0, 'progress': 0.0, 'time': 2.5, 'distance': 4.93669319152832, 'fitness': -1000000000.0, 'fitness_delta_score': -1000.0, 'last_fitness_delta_score': -1000.0, 'last_fitness_delta_progress': 0.0, 'reward': -1000.0}"
-988.571429,1011,22.043713,"{'term': -1.0, 'progress': 11.428571428571429, 'time': 8.850000381469727, 'distance': 103.63953399658203, 'fitness': -988571428.5714285, 'fitness_delta_score': -988.5714285714286, 'last_fitness_delta_score': -988.5714285714286, 'last_fitness_delta_progress': 11.428571428571429, 'reward': -1000.0}"
-1000.0,151,25.595596,"{'term': -1.0, 'progress': 0.0, 'time': 2.009999990463257, 'distance': 0.2545102834701538, 'fitness': -1000000000.0, 'fitness_delta_score': -1000.0, 'last_fitness_delta_score': -1000.0, 'last_fitness_delta_progress': 0.0, 'reward': -1000.0}"
-997.142857,395,31.701398,"{'term': -1.0, 'progress': 2.857142857142857, 'time': 4.510000228881836, 'distance': 34.91056823730469, 'fitness': -997142857.1428572, 'fitness_delta_score': -997.1428571428572, 'last_fitness_delta_score': -997.1428571428572, 'last_fitness_delta_progress': 2.857142857142857, 'reward': -1000.0000000000001}"
-1000.0,235,36.212776,"{'term': -1.0, 'progress': 0.0, 'time': 2.9200000762939453, 'distance': 19.308029174804688, 'fitness': -1000000000.0, 'fitness_delta_score': -1000.0, 'last_fitness_delta_score': -1000.0, 'last_fitness_delta_progress': 0.0, 'reward': -1000.0}"
-1000.0,167,39.954713,"{'term': -1.0, 'progress': 0.0, 'time': 2.1700000762939453, 'distance': 6.651980400085449, 'fitness': -1000000000.0, 'fitness_delta_score': -1000.0, 'last_fitness_delta_score': -1000.0, 'last_fitness_delta_progress': 0.0, 'reward': -1000.0}"
-1000.0,274,44.825552,"{'term': -1.0, 'progress': 0.0, 'time': 3.240000009536743, 'distance': 18.23436737060547, 'fitness': -1000000000.0, 'fitness_delta_score': -1000.0, 'last_fitness_delta_score': -1000.0, 'last_fitness_delta_progress': 0.0, 'reward': -1000.0}"
-1000.0,318,50.154456,"{'term': -1.0, 'progress': 0.0, 'time': 3.7699999809265137, 'distance': 16.351530075073242, 'fitness': -1000000000.0, 'fitness_delta_score': -1000.0, 'last_fitness_delta_score': -1000.0, 'last_fitness_delta_progress': 0.0, 'reward': -1000.0}"
-1000.0,358,55.918794,"{'term': -1.0, 'progress': 0.0, 'time': 4.130000114440918, 'distance': 12.969758033752441, 'fitness': -1000000000.0, 'fitness_delta_score': -1000.0, 'last_fitness_delta_score': -1000.0, 'last_fitness_delta_progress': 0.0, 'reward': -1000.0}"
-1000.0,205,60.112652,"{'term': -1.0, 'progress': 0.0, 'time': 2.630000114440918, 'distance': 18.07506561279297, 'fitness': -1000000000.0, 'fitness_delta_score': -1000.0, 'last_fitness_delta_score': -1000.0, 'last_fitness_delta_progress': 0.0, 'reward': -1000.0}"
-1000.0,119,64.64959,"{'term': -1.0, 'progress': 0.0, 'time': 2.9700000286102295, 'distance': 16.447147369384766, 'fitness': -1000000000.0, 'fitness_delta_score': -1000.0, 'last_fitness_delta_score': -1000.0, 'last_fitness_delta_progress': 0.0, 'reward': -1000.0}"
-1000.0,134,69.025346,"{'term': -1.0, 'progress': 0.0, 'time': 2.740000009536743, 'distance': 15.916744232177734, 'fitness': -1000000000.0, 'fitness_delta_score': -1000.0, 'last_fitness_delta_score': -1000.0, 'last_fitness_delta_progress': 0.0, 'reward': -1000.0}"
-1000.0,94,72.595565,"{'term': -1.0, 'progress': 0.0, 'time': 2.009999990463257, 'distance': 1.3602336645126343, 'fitness': -1000000000.0, 'fitness_delta_score': -1000.0, 'last_fitness_delta_score': -1000.0, 'last_fitness_delta_progress': 0.0, 'reward': -1000.0}"
-1000.0,80,76.190024,"{'term': -1.0, 'progress': 0.0, 'time': 2.009999990463257, 'distance': 0.7708595991134644, 'fitness': -1000000000.0, 'fitness_delta_score': -1000.0, 'last_fitness_delta_score': -1000.0, 'last_fitness_delta_progress': 0.0, 'reward': -1000.0}"
-1000.0,75,79.798009,"{'term': -1.0, 'progress': 0.0, 'time': 2.009999990463257, 'distance': 2.938894510269165, 'fitness': -1000000000.0, 'fitness_delta_score': -1000.0, 'last_fitness_delta_score': -1000.0, 'last_fitness_delta_progress': 0.0, 'reward': -1000.0}"
-997.142857,172,85.523884,"{'term': -1.0, 'progress': 2.857142857142857, 'time': 4.130000114440918, 'distance': 43.899620056152344, 'fitness': -997142857.1428572, 'fitness_delta_score': -997.1428571428572, 'last_fitness_delta_score': -997.1428571428572, 'last_fitness_delta_progress': 2.857142857142857, 'reward': -1000.0000000000001}"
-1000.0,74,89.202986,"{'term': -1.0, 'progress': 0.0, 'time': 2.0199999809265137, 'distance': 0.35397276282310486, 'fitness': -1000000000.0, 'fitness_delta_score': -1000.0, 'last_fitness_delta_score': -1000.0, 'last_fitness_delta_progress': 0.0, 'reward': -1000.0}"
-1000.0,79,92.787048,"{'term': -1.0, 'progress': 0.0, 'time': 2.009999990463257, 'distance': 2.354832887649536, 'fitness': -1000000000.0, 'fitness_delta_score': -1000.0, 'last_fitness_delta_score': -1000.0, 'last_fitness_delta_progress': 0.0, 'reward': -1000.0}"
-1000.0,86,96.40835,"{'term': -1.0, 'progress': 0.0, 'time': 2.0299999713897705, 'distance': 4.052655220031738, 'fitness': -1000000000.0, 'fitness_delta_score': -1000.0, 'last_fitness_delta_score': -1000.0, 'last_fitness_delta_progress': 0.0, 'reward': -1000.0}"
-1000.0,148,101.149655,"{'term': -1.0, 'progress': 0.0, 'time': 3.1700000762939453, 'distance': 17.598522186279297, 'fitness': -1000000000.0, 'fitness_delta_score': -1000.0, 'last_fitness_delta_score': -1000.0, 'last_fitness_delta_progress': 0.0, 'reward': -1000.0}"
-1000.0,70,104.798201,"{'term': -1.0, 'progress': 0.0, 'time': 2.0199999809265137, 'distance': 1.8545341491699219, 'fitness': -1000000000.0, 'fitness_delta_score': -1000.0, 'last_fitness_delta_score': -1000.0, 'last_fitness_delta_progress': 0.0, 'reward': -1000.0}"
-1000.0,70,108.387713,"{'term': -1.0, 'progress': 0.0, 'time': 2.009999990463257, 'distance': 0.03093314915895462, 'fitness': -1000000000.0, 'fitness_delta_score': -1000.0, 'last_fitness_delta_score': -1000.0, 'last_fitness_delta_progress': 0.0, 'reward': -1000.0}"
-1000.0,40,111.987277,"{'term': -1.0, 'progress': 0.0, 'time': 2.009999990463257, 'distance': 0.04105830192565918, 'fitness': -1000000000.0, 'fitness_delta_score': -1000.0, 'last_fitness_delta_score': -1000.0, 'last_fitness_delta_progress': 0.0, 'reward': -1000.0}"
-1000.0,1,116.393744,"{'term': -1.0, 'progress': 0.0, 'time': 2.799999952316284, 'distance': 0.017317170277237892, 'fitness': -1000000000.0, 'fitness_delta_score': -1000.0, 'last_fitness_delta_score': -1000.0, 'last_fitness_delta_progress': 0.0, 'reward': -1000.0}"
-988.571429,243,123.810293,"{'term': -1.0, 'progress': 11.428571428571429, 'time': 5.829999923706055, 'distance': 99.1512451171875, 'fitness': -988571428.5714285, 'fitness_delta_score': -988.5714285714286, 'last_fitness_delta_score': -988.5714285714286, 'last_fitness_delta_progress': 11.428571428571429, 'reward': -997.1428571428571}"
-988.571429,321,131.628667,"{'term': -1.0, 'progress': 11.428571428571429, 'time': 6.25, 'distance': 110.92747497558594, 'fitness': -988571428.5714285, 'fitness_delta_score': -988.5714285714286, 'last_fitness_delta_score': -988.5714285714286, 'last_fitness_delta_progress': 11.428571428571429, 'reward': -1000.0}"
-1000.0,5,135.203446,"{'term': -1.0, 'progress': 0.0, 'time': 2.0199999809265137, 'distance': 0.02280854620039463, 'fitness': -1000000000.0, 'fitness_delta_score': -1000.0, 'last_fitness_delta_score': -1000.0, 'last_fitness_delta_progress': 0.0, 'reward': -1000.0}"
-1000.0,1,138.945936,"{'term': -1.0, 'progress': 0.0, 'time': 2.1500000953674316, 'distance': 0.012253937311470509, 'fitness': -1000000000.0, 'fitness_delta_score': -1000.0, 'last_fitness_delta_score': -1000.0, 'last_fitness_delta_progress': 0.0, 'reward': -1000.0}"
-1000.0,1,143.186346,"{'term': -1.0, 'progress': 0.0, 'time': 2.5899999141693115, 'distance': 0.014801622368395329, 'fitness': -1000000000.0, 'fitness_delta_score': -1000.0, 'last_fitness_delta_score': -1000.0, 'last_fitness_delta_progress': 0.0, 'reward': -1000.0}"
-1000.0,26,146.788046,"{'term': -1.0, 'progress': 0.0, 'time': 2.009999990463257, 'distance': 0.33603137731552124, 'fitness': -1000000000.0, 'fitness_delta_score': -1000.0, 'last_fitness_delta_score': -1000.0, 'last_fitness_delta_progress': 0.0, 'reward': -1000.0}"
-991.428571,230,153.95677,"{'term': -1.0, 'progress': 8.571428571428571, 'time': 5.579999923706055, 'distance': 88.0716323852539, 'fitness': -991428571.4285715, 'fitness_delta_score': -991.4285714285714, 'last_fitness_delta_score': -991.4285714285714, 'last_fitness_delta_progress': 8.571428571428571, 'reward': -1000.0}"
-988.571429,224,161.120436,"{'term': -1.0, 'progress': 11.428571428571429, 'time': 5.539999961853027, 'distance': 99.25819396972656, 'fitness': -988571428.5714285, 'fitness_delta_score': -988.5714285714286, 'last_fitness_delta_score': -988.5714285714286, 'last_fitness_delta_progress': 11.428571428571429, 'reward': -997.1428571428571}"
-1000.0,50,164.692897,"{'term': -1.0, 'progress': 0.0, 'time': 2.009999990463257, 'distance': 0.3863884508609772, 'fitness': -1000000000.0, 'fitness_delta_score': -1000.0, 'last_fitness_delta_score': -1000.0, 'last_fitness_delta_progress': 0.0, 'reward': -1000.0}"
-1000.0,66,168.293868,"{'term': -1.0, 'progress': 0.0, 'time': 2.0199999809265137, 'distance': 0.9015316367149353, 'fitness': -1000000000.0, 'fitness_delta_score': -1000.0, 'last_fitness_delta_score': -1000.0, 'last_fitness_delta_progress': 0.0, 'reward': -1000.0}"
-1000.0,60,171.902531,"{'term': -1.0, 'progress': 0.0, 'time': 2.0199999809265137, 'distance': 1.2265986204147339, 'fitness': -1000000000.0, 'fitness_delta_score': -1000.0, 'last_fitness_delta_score': -1000.0, 'last_fitness_delta_progress': 0.0, 'reward': -1000.0}"
-1000.0,62,175.482947,"{'term': -1.0, 'progress': 0.0, 'time': 2.009999990463257, 'distance': 1.0935540199279785, 'fitness': -1000000000.0, 'fitness_delta_score': -1000.0, 'last_fitness_delta_score': -1000.0, 'last_fitness_delta_progress': 0.0, 'reward': -1000.0}"
-1000.0,86,179.089947,"{'term': -1.0, 'progress': 0.0, 'time': 2.009999990463257, 'distance': 0.14737504720687866, 'fitness': -1000000000.0, 'fitness_delta_score': -1000.0, 'last_fitness_delta_score': -1000.0, 'last_fitness_delta_progress': 0.0, 'reward': -1000.0}"
-1000.0,79,182.694803,"{'term': -1.0, 'progress': 0.0, 'time': 2.0199999809265137, 'distance': 0.12376528233289719, 'fitness': -1000000000.0, 'fitness_delta_score': -1000.0, 'last_fitness_delta_score': -1000.0, 'last_fitness_delta_progress': 0.0, 'reward': -1000.0}"
-1000.0,76,186.290359,"{'term': -1.0, 'progress': 0.0, 'time': 2.009999990463257, 'distance': 0.015152929350733757, 'fitness': -1000000000.0, 'fitness_delta_score': -1000.0, 'last_fitness_delta_score': -1000.0, 'last_fitness_delta_progress': 0.0, 'reward': -1000.0}"
-1000.0,70,189.899803,"{'term': -1.0, 'progress': 0.0, 'time': 2.0199999809265137, 'distance': 0.42134377360343933, 'fitness': -1000000000.0, 'fitness_delta_score': -1000.0, 'last_fitness_delta_score': -1000.0, 'last_fitness_delta_progress': 0.0, 'reward': -1000.0}"
-1000.0,73,193.497839,"{'term': -1.0, 'progress': 0.0, 'time': 2.0199999809265137, 'distance': 0.335676372051239, 'fitness': -1000000000.0, 'fitness_delta_score': -1000.0, 'last_fitness_delta_score': -1000.0, 'last_fitness_delta_progress': 0.0, 'reward': -1000.0}"
-1000.0,71,197.088615,"{'term': -1.0, 'progress': 0.0, 'time': 2.009999990463257, 'distance': 1.7571829557418823, 'fitness': -1000000000.0, 'fitness_delta_score': -1000.0, 'last_fitness_delta_score': -1000.0, 'last_fitness_delta_progress': 0.0, 'reward': -1000.0}"
-988.571429,368,205.897656,"{'term': -1.0, 'progress': 11.428571428571429, 'time': 7.21999979019165, 'distance': 126.42068481445312, 'fitness': -988571428.5714285, 'fitness_delta_score': -988.5714285714286, 'last_fitness_delta_score': -988.5714285714286, 'last_fitness_delta_progress': 11.428571428571429, 'reward': -1000.0}"
-1000.0,40,209.511337,"{'term': -1.0, 'progress': 0.0, 'time': 2.009999990463257, 'distance': 0.4166503846645355, 'fitness': -1000000000.0, 'fitness_delta_score': -1000.0, 'last_fitness_delta_score': -1000.0, 'last_fitness_delta_progress': 0.0, 'reward': -1000.0}"
-985.714286,409,218.739889,"{'term': -1.0, 'progress': 14.285714285714285, 'time': 7.639999866485596, 'distance': 164.72120666503906, 'fitness': -985714285.7142857, 'fitness_delta_score': -985.7142857142858, 'last_fitness_delta_score': -985.7142857142858, 'last_fitness_delta_progress': 14.285714285714285, 'reward': -1000.0000000000001}"
-980.1734,907,237.637999,"{'term': -1.0, 'progress': 20.0, 'time': 17.34000015258789, 'distance': 202.55804443359375, 'fitness': -980173400.0015259, 'fitness_delta_score': -980.1734000015259, 'last_fitness_delta_score': -980.1734000015259, 'last_fitness_delta_progress': 20.0, 'reward': -1000.0340000057221}"
-977.303957,894,255.311366,"{'term': -1.0, 'progress': 22.857142857142858, 'time': 16.110000610351562, 'distance': 200.8966827392578, 'fitness': -977303957.1489607, 'fitness_delta_score': -977.3039571489608, 'last_fitness_delta_score': -977.3039571489608, 'last_fitness_delta_progress': 22.857142857142858, 'reward': -1000.0119000053406}"
-994.285714,342,263.4219,"{'term': -1.0, 'progress': 5.714285714285714, 'time': 6.519999980926514, 'distance': 57.533267974853516, 'fitness': -994285714.2857143, 'fitness_delta_score': -994.2857142857142, 'last_fitness_delta_score': -994.2857142857142, 'last_fitness_delta_progress': 5.714285714285714, 'reward': -999.9999999999999}"
-994.285714,377,272.048077,"{'term': -1.0, 'progress': 5.714285714285714, 'time': 7.050000190734863, 'distance': 54.88711929321289, 'fitness': -994285714.2857143, 'fitness_delta_score': -994.2857142857142, 'last_fitness_delta_score': -994.2857142857142, 'last_fitness_delta_progress': 5.714285714285714, 'reward': -999.9999999999999}"
-985.714286,611,284.925772,"{'term': -1.0, 'progress': 14.285714285714285, 'time': 11.319999694824219, 'distance': 135.1298370361328, 'fitness': -985714285.7142857, 'fitness_delta_score': -985.7142857142858, 'last_fitness_delta_score': -985.7142857142858, 'last_fitness_delta_progress': 14.285714285714285, 'reward': -1000.0000000000001}"
-980.1884,1030,305.342821,"{'term': -1.0, 'progress': 20.0, 'time': 18.84000015258789, 'distance': 176.6569366455078, 'fitness': -980188400.0015259, 'fitness_delta_score': -980.1884000015259, 'last_fitness_delta_score': -980.1884000015259, 'last_fitness_delta_progress': 20.0, 'reward': -1000.021700000763}"
-988.571429,498,316.438268,"{'term': -1.0, 'progress': 11.428571428571429, 'time': 9.520000457763672, 'distance': 118.76155853271484, 'fitness': -988571428.5714285, 'fitness_delta_score': -988.5714285714286, 'last_fitness_delta_score': -988.5714285714286, 'last_fitness_delta_progress': 11.428571428571429, 'reward': -1000.0}"
-1000.0,30,320.121581,"{'term': -1.0, 'progress': 0.0, 'time': 2.0199999809265137, 'distance': 1.164820909500122, 'fitness': -1000000000.0, 'fitness_delta_score': -1000.0, 'last_fitness_delta_score': -1000.0, 'last_fitness_delta_progress': 0.0, 'reward': -1000.0}"
-985.714286,526,331.546661,"{'term': -1.0, 'progress': 14.285714285714285, 'time': 9.850000381469727, 'distance': 130.62091064453125, 'fitness': -985714285.7142857, 'fitness_delta_score': -985.7142857142858, 'last_fitness_delta_score': -985.7142857142858, 'last_fitness_delta_progress': 14.285714285714285, 'reward': -1000.0000000000001}"
-1000.0,73,335.168455,"{'term': -1.0, 'progress': 0.0, 'time': 2.0299999713897705, 'distance': 2.489422559738159, 'fitness': -1000000000.0, 'fitness_delta_score': -1000.0, 'last_fitness_delta_score': -1000.0, 'last_fitness_delta_progress': 0.0, 'reward': -1000.0}"
-1000.0,40,338.803124,"{'term': -1.0, 'progress': 0.0, 'time': 2.009999990463257, 'distance': 1.0117008686065674, 'fitness': -1000000000.0, 'fitness_delta_score': -1000.0, 'last_fitness_delta_score': -1000.0, 'last_fitness_delta_progress': 0.0, 'reward': -1000.0}"
-980.1131,569,351.705282,"{'term': -1.0, 'progress': 20.0, 'time': 11.3100004196167, 'distance': 184.12355041503906, 'fitness': -980113100.0041962, 'fitness_delta_score': -980.1131000041962, 'last_fitness_delta_score': -980.1131000041962, 'last_fitness_delta_progress': 20.0, 'reward': -1000.0002000045777}"
-1000.0,83,355.309278,"{'term': -1.0, 'progress': 0.0, 'time': 2.009999990463257, 'distance': 2.8650267124176025, 'fitness': -1000000000.0, 'fitness_delta_score': -1000.0, 'last_fitness_delta_score': -1000.0, 'last_fitness_delta_progress': 0.0, 'reward': -1000.0}"
-985.714286,277,362.817699,"{'term': -1.0, 'progress': 14.285714285714285, 'time': 5.920000076293945, 'distance': 134.3510284423828, 'fitness': -985714285.7142857, 'fitness_delta_score': -985.7142857142858, 'last_fitness_delta_score': -985.7142857142858, 'last_fitness_delta_progress': 14.285714285714285, 'reward': -1000.0000000000001}"
-988.571429,285,370.066164,"{'term': -1.0, 'progress': 11.428571428571429, 'time': 5.670000076293945, 'distance': 127.59595489501953, 'fitness': -988571428.5714285, 'fitness_delta_score': -988.5714285714286, 'last_fitness_delta_score': -988.5714285714286, 'last_fitness_delta_progress': 11.428571428571429, 'reward': -1000.0}"
-985.714286,372,378.721401,"{'term': -1.0, 'progress': 14.285714285714285, 'time': 7.019999980926514, 'distance': 131.67897033691406, 'fitness': -985714285.7142857, 'fitness_delta_score': -985.7142857142858, 'last_fitness_delta_score': -985.7142857142858, 'last_fitness_delta_progress': 14.285714285714285, 'reward': -1000.0000000000001}"
56.692457,2540,425.34947,"{'term': 0.0, 'progress': 57.14285714285714, 'time': 45.040000915527344, 'distance': 646.626708984375, 'fitness': 56692457.13370187, 'fitness_delta_score': 56.69245713370187, 'last_fitness_delta_score': 56.69245713370187, 'last_fitness_delta_progress': 57.14285714285714, 'reward': -0.011500015258782526}"
-985.714286,299,432.800756,"{'term': -1.0, 'progress': 14.285714285714285, 'time': 5.909999847412109, 'distance': 134.97833251953125, 'fitness': -985714285.7142857, 'fitness_delta_score': -985.7142857142858, 'last_fitness_delta_score': -985.7142857142858, 'last_fitness_delta_progress': 14.285714285714285, 'reward': -1000.0000000000001}"
-934.622814,1821,468.105755,"{'term': -1.0, 'progress': 65.71428571428571, 'time': 33.709999084472656, 'distance': 726.27783203125, 'fitness': -934622814.276559, 'fitness_delta_score': -934.622814276559, 'last_fitness_delta_score': -934.622814276559, 'last_fitness_delta_progress': 65.71428571428571, 'reward': -1000.0098999786377}"
-980.1609,881,485.78709,"{'term': -1.0, 'progress': 20.0, 'time': 16.09000015258789, 'distance': 170.67031860351562, 'fitness': -980160900.0015259, 'fitness_delta_score': -980.1609000015259, 'last_fitness_delta_score': -980.1609000015259, 'last_fitness_delta_progress': 20.0, 'reward': -1000.0202999973297}"
-985.714286,326,493.557978,"{'term': -1.0, 'progress': 14.285714285714285, 'time': 6.159999847412109, 'distance': 137.01512145996094, 'fitness': -985714285.7142857, 'fitness_delta_score': -985.7142857142858, 'last_fitness_delta_score': -985.7142857142858, 'last_fitness_delta_progress': 14.285714285714285, 'reward': -1000.0000000000001}"
-985.714286,534,505.028749,"{'term': -1.0, 'progress': 14.285714285714285, 'time': 9.84000015258789, 'distance': 125.8831558227539, 'fitness': -985714285.7142857, 'fitness_delta_score': -985.7142857142858, 'last_fitness_delta_score': -985.7142857142858, 'last_fitness_delta_progress': 14.285714285714285, 'reward': -1000.0000000000001}"
-1000.0,88,508.601288,"{'term': -1.0, 'progress': 0.0, 'time': 2.009999990463257, 'distance': 1.6234033107757568, 'fitness': -1000000000.0, 'fitness_delta_score': -1000.0, 'last_fitness_delta_score': -1000.0, 'last_fitness_delta_progress': 0.0, 'reward': -1000.0}"
-985.714286,312,516.419723,"{'term': -1.0, 'progress': 14.285714285714285, 'time': 6.21999979019165, 'distance': 136.99928283691406, 'fitness': -985714285.7142857, 'fitness_delta_score': -985.7142857142858, 'last_fitness_delta_score': -985.7142857142858, 'last_fitness_delta_progress': 14.285714285714285, 'reward': -1000.0000000000001}"
-980.1272,684,530.70987,"{'term': -1.0, 'progress': 20.0, 'time': 12.720000267028809, 'distance': 209.02699279785156, 'fitness': -980127200.0026703, 'fitness_delta_score': -980.1272000026703, 'last_fitness_delta_score': -980.1272000026703, 'last_fitness_delta_progress': 20.0, 'reward': -1000.0184000015258}"
-994.285714,320,538.420852,"{'term': -1.0, 'progress': 5.714285714285714, 'time': 6.130000114440918, 'distance': 54.397369384765625, 'fitness': -994285714.2857143, 'fitness_delta_score': -994.2857142857142, 'last_fitness_delta_score': -994.2857142857142, 'last_fitness_delta_progress': 5.714285714285714, 'reward': -999.9999999999999}"
-977.266357,648,552.342716,"{'term': -1.0, 'progress': 22.857142857142858, 'time': 12.350000381469727, 'distance': 214.63803100585938, 'fitness': -977266357.1466719, 'fitness_delta_score': -977.2663571466719, 'last_fitness_delta_score': -977.2663571466719, 'last_fitness_delta_progress': 22.857142857142858, 'reward': -1000.0185000038148}"
-974.419014,698,567.315757,"{'term': -1.0, 'progress': 25.71428571428571, 'time': 13.329999923706055, 'distance': 283.0662536621094, 'fitness': -974419014.2849513, 'fitness_delta_score': -974.4190142849513, 'last_fitness_delta_score': -974.4190142849513, 'last_fitness_delta_progress': 25.71428571428571, 'reward': -1000.0221000003814}"
-977.308557,845,585.458794,"{'term': -1.0, 'progress': 22.857142857142858, 'time': 16.56999969482422, 'distance': 208.2677459716797, 'fitness': -977308557.1398054, 'fitness_delta_score': -977.3085571398054, 'last_fitness_delta_score': -977.3085571398054, 'last_fitness_delta_progress': 22.857142857142858, 'reward': -1000.019299993515}"
-977.304257,822,603.233134,"{'term': -1.0, 'progress': 22.857142857142858, 'time': 16.139999389648438, 'distance': 211.5811309814453, 'fitness': -977304257.1367537, 'fitness_delta_score': -977.3042571367537, 'last_fitness_delta_score': -977.3042571367537, 'last_fitness_delta_progress': 22.857142857142858, 'reward': -1000.022699995041}"
-994.285714,301,611.37838,"{'term': -1.0, 'progress': 5.714285714285714, 'time': 6.590000152587891, 'distance': 54.88167190551758, 'fitness': -994285714.2857143, 'fitness_delta_score': -994.2857142857142, 'last_fitness_delta_score': -994.2857142857142, 'last_fitness_delta_progress': 5.714285714285714, 'reward': -999.9999999999999}"
-985.714286,302,619.345873,"{'term': -1.0, 'progress': 14.285714285714285, 'time': 6.349999904632568, 'distance': 130.34420776367188, 'fitness': -985714285.7142857, 'fitness_delta_score': -985.7142857142858, 'last_fitness_delta_score': -985.7142857142858, 'last_fitness_delta_progress': 14.285714285714285, 'reward': -1000.0000000000001}"
-977.277057,680,634.405965,"{'term': -1.0, 'progress': 22.857142857142858, 'time': 13.420000076293945, 'distance': 215.54071044921875, 'fitness': -977277057.1436201, 'fitness_delta_score': -977.2770571436201, 'last_fitness_delta_score': -977.2770571436201, 'last_fitness_delta_progress': 22.857142857142858, 'reward': -1000.0190999984742}"
-977.275857,706,649.288791,"{'term': -1.0, 'progress': 22.857142857142858, 'time': 13.300000190734863, 'distance': 225.7144775390625, 'fitness': -977275857.1447645, 'fitness_delta_score': -977.2758571447646, 'last_fitness_delta_score': -977.2758571447646, 'last_fitness_delta_progress': 22.857142857142858, 'reward': -1000.0232000064851}"
-977.295557,819,666.159864,"{'term': -1.0, 'progress': 22.857142857142858, 'time': 15.270000457763672, 'distance': 219.04344177246094, 'fitness': -977295557.1474348, 'fitness_delta_score': -977.2955571474348, 'last_fitness_delta_score': -977.2955571474348, 'last_fitness_delta_progress': 22.857142857142858, 'reward': -1000.0210000038147}"
-977.263757,629,679.874171,"{'term': -1.0, 'progress': 22.857142857142858, 'time': 12.09000015258789, 'distance': 225.32791137695312, 'fitness': -977263757.1443831, 'fitness_delta_score': -977.263757144383, 'last_fitness_delta_score': -977.263757144383, 'last_fitness_delta_progress': 22.857142857142858, 'reward': -1000.0173000049591}"
-971.630271,1061,701.658676,"{'term': -1.0, 'progress': 28.57142857142857, 'time': 20.170000076293945, 'distance': 332.4492492675781, 'fitness': -971630271.4293344, 'fitness_delta_score': -971.6302714293344, 'last_fitness_delta_score': -971.6302714293344, 'last_fitness_delta_progress': 28.57142857142857, 'reward': -1000.0444000053405}"
-988.571429,261,709.017106,"{'term': -1.0, 'progress': 11.428571428571429, 'time': 5.730000019073486, 'distance': 133.2413330078125, 'fitness': -988571428.5714285, 'fitness_delta_score': -988.5714285714286, 'last_fitness_delta_score': -988.5714285714286, 'last_fitness_delta_progress': 11.428571428571429, 'reward': -1000.0}"
-982.857143,384,718.208706,"{'term': -1.0, 'progress': 17.142857142857142, 'time': 7.619999885559082, 'distance': 188.4680633544922, 'fitness': -982857142.8571428, 'fitness_delta_score': -982.8571428571428, 'last_fitness_delta_score': -982.8571428571428, 'last_fitness_delta_progress': 17.142857142857142, 'reward': -999.9999999999999}"
-985.714286,322,726.164034,"{'term': -1.0, 'progress': 14.285714285714285, 'time': 6.369999885559082, 'distance': 139.92784118652344, 'fitness': -985714285.7142857, 'fitness_delta_score': -985.7142857142858, 'last_fitness_delta_score': -985.7142857142858, 'last_fitness_delta_progress': 14.285714285714285, 'reward': -1000.0000000000001}"
-968.772029,1101,747.850805,"{'term': -1.0, 'progress': 31.428571428571427, 'time': 20.059999465942383, 'distance': 352.6333923339844, 'fitness': -968772028.566088, 'fitness_delta_score': -968.772028566088, 'last_fitness_delta_score': -968.772028566088, 'last_fitness_delta_progress': 31.428571428571427, 'reward': -1000.0053999900817}"
-982.857143,414,757.440141,"{'term': -1.0, 'progress': 17.142857142857142, 'time': 7.949999809265137, 'distance': 188.3996124267578, 'fitness': -982857142.8571428, 'fitness_delta_score': -982.8571428571428, 'last_fitness_delta_score': -982.8571428571428, 'last_fitness_delta_progress': 17.142857142857142, 'reward': -999.9999999999999}"
-1000.0,121,762.288623,"{'term': -1.0, 'progress': 0.0, 'time': 3.200000047683716, 'distance': 12.830860137939453, 'fitness': -1000000000.0, 'fitness_delta_score': -1000.0, 'last_fitness_delta_score': -1000.0, 'last_fitness_delta_progress': 0.0, 'reward': -1000.0}"
-985.714286,286,770.005622,"{'term': -1.0, 'progress': 14.285714285714285, 'time': 6.079999923706055, 'distance': 138.41995239257812, 'fitness': -985714285.7142857, 'fitness_delta_score': -985.7142857142858, 'last_fitness_delta_score': -985.7142857142858, 'last_fitness_delta_progress': 14.285714285714285, 'reward': -1000.0000000000001}"
-1000.0,2,773.605581,"{'term': -1.0, 'progress': 0.0, 'time': 2.009999990463257, 'distance': 0.011453683488070965, 'fitness': -1000000000.0, 'fitness_delta_score': -1000.0, 'last_fitness_delta_score': -1000.0, 'last_fitness_delta_progress': 0.0, 'reward': -1000.0}"
-977.278857,674,788.78692,"{'term': -1.0, 'progress': 22.857142857142858, 'time': 13.600000381469727, 'distance': 222.92005920410156, 'fitness': -977278857.1466719, 'fitness_delta_score': -977.2788571466718, 'last_fitness_delta_score': -977.2788571466718, 'last_fitness_delta_progress': 22.857142857142858, 'reward': -1000.0246000003815}"
-982.857143,399,797.983934,"{'term': -1.0, 'progress': 17.142857142857142, 'time': 7.599999904632568, 'distance': 186.13784790039062, 'fitness': -982857142.8571428, 'fitness_delta_score': -982.8571428571428, 'last_fitness_delta_score': -982.8571428571428, 'last_fitness_delta_progress': 17.142857142857142, 'reward': -999.9999999999999}"
-982.857143,401,808.061821,"{'term': -1.0, 'progress': 17.142857142857142, 'time': 8.470000267028809, 'distance': 188.9708709716797, 'fitness': -982857142.8571428, 'fitness_delta_score': -982.8571428571428, 'last_fitness_delta_score': -982.8571428571428, 'last_fitness_delta_progress': 17.142857142857142, 'reward': -999.9999999999999}"
-980.1141,567,821.096977,"{'term': -1.0, 'progress': 20.0, 'time': 11.40999984741211, 'distance': 201.0249786376953, 'fitness': -980114099.9984741, 'fitness_delta_score': -980.1140999984741, 'last_fitness_delta_score': -980.1140999984741, 'last_fitness_delta_progress': 20.0, 'reward': -1000.0281999969483}"
-982.857143,415,830.754984,"{'term': -1.0, 'progress': 17.142857142857142, 'time': 8.069999694824219, 'distance': 183.17105102539062, 'fitness': -982857142.8571428, 'fitness_delta_score': -982.8571428571428, 'last_fitness_delta_score': -982.8571428571428, 'last_fitness_delta_progress': 17.142857142857142, 'reward': -999.9999999999999}"
-982.857143,414,840.433467,"{'term': -1.0, 'progress': 17.142857142857142, 'time': 8.050000190734863, 'distance': 185.66700744628906, 'fitness': -982857142.8571428, 'fitness_delta_score': -982.8571428571428, 'last_fitness_delta_score': -982.8571428571428, 'last_fitness_delta_progress': 17.142857142857142, 'reward': -999.9999999999999}"
-985.714286,322,848.285166,"{'term': -1.0, 'progress': 14.285714285714285, 'time': 6.300000190734863, 'distance': 147.2599334716797, 'fitness': -985714285.7142857, 'fitness_delta_score': -985.7142857142858, 'last_fitness_delta_score': -985.7142857142858, 'last_fitness_delta_progress': 14.285714285714285, 'reward': -1000.0000000000001}"
-985.714286,329,856.210654,"{'term': -1.0, 'progress': 14.285714285714285, 'time': 6.329999923706055, 'distance': 138.57398986816406, 'fitness': -985714285.7142857, 'fitness_delta_score': -985.7142857142858, 'last_fitness_delta_score': -985.7142857142858, 'last_fitness_delta_progress': 14.285714285714285, 'reward': -1000.0000000000001}"
-982.857143,382,865.192964,"{'term': -1.0, 'progress': 17.142857142857142, 'time': 7.409999847412109, 'distance': 186.5611114501953, 'fitness': -982857142.8571428, 'fitness_delta_score': -982.8571428571428, 'last_fitness_delta_score': -982.8571428571428, 'last_fitness_delta_progress': 17.142857142857142, 'reward': -999.9999999999999}"
-977.244157,527,876.913067,"{'term': -1.0, 'progress': 22.857142857142858, 'time': 10.130000114440918, 'distance': 226.23280334472656, 'fitness': -977244157.1440016, 'fitness_delta_score': -977.2441571440016, 'last_fitness_delta_score': -977.2441571440016, 'last_fitness_delta_progress': 22.857142857142858, 'reward': -1000.0097000026703}"
-982.857143,901,896.626624,"{'term': -1.0, 'progress': 17.142857142857142, 'time': 18.139999389648438, 'distance': 151.6329803466797, 'fitness': -982857142.8571428, 'fitness_delta_score': -982.8571428571428, 'last_fitness_delta_score': -982.8571428571428, 'last_fitness_delta_progress': 17.142857142857142, 'reward': -999.9999999999999}"
-980.0857,404,906.752678,"{'term': -1.0, 'progress': 20.0, 'time': 8.569999694824219, 'distance': 186.68606567382812, 'fitness': -980085699.9969482, 'fitness_delta_score': -980.0856999969483, 'last_fitness_delta_score': -980.0856999969483, 'last_fitness_delta_progress': 20.0, 'reward': -997.2285571398054}"
-974.462114,902,926.020836,"{'term': -1.0, 'progress': 25.71428571428571, 'time': 17.639999389648438, 'distance': 262.2840576171875, 'fitness': -974462114.2796108, 'fitness_delta_score': -974.4621142796108, 'last_fitness_delta_score': -974.4621142796108, 'last_fitness_delta_progress': 25.71428571428571, 'reward': -1000.0343999958038}"
-974.486114,1082,947.624418,"{'term': -1.0, 'progress': 25.71428571428571, 'time': 20.040000915527344, 'distance': 255.7608184814453, 'fitness': -974486114.2948695, 'fitness_delta_score': -974.4861142948696, 'last_fitness_delta_score': -974.4861142948696, 'last_fitness_delta_progress': 25.71428571428571, 'reward': -1000.0399000167847}"
-977.265457,660,961.437203,"{'term': -1.0, 'progress': 22.857142857142858, 'time': 12.260000228881836, 'distance': 218.67897033691406, 'fitness': -977265457.145146, 'fitness_delta_score': -977.265457145146, 'last_fitness_delta_score': -977.265457145146, 'last_fitness_delta_progress': 22.857142857142858, 'reward': -1000.020799999237}"
-974.531814,1444,987.694755,"{'term': -1.0, 'progress': 25.71428571428571, 'time': 24.610000610351562, 'distance': 267.12811279296875, 'fitness': -974531814.2918178, 'fitness_delta_score': -974.5318142918178, 'last_fitness_delta_score': -974.5318142918178, 'last_fitness_delta_progress': 25.71428571428571, 'reward': -1000.0467000007629}"
-977.336857,1056,1008.675454,"{'term': -1.0, 'progress': 22.857142857142858, 'time': 19.399999618530273, 'distance': 230.8489227294922, 'fitness': -977336857.1390425, 'fitness_delta_score': -977.3368571390425, 'last_fitness_delta_score': -977.3368571390425, 'last_fitness_delta_progress': 22.857142857142858, 'reward': -1000.0238999938965}"
-980.1015,545,1020.428632,"{'term': -1.0, 'progress': 20.0, 'time': 10.149999618530273, 'distance': 180.82574462890625, 'fitness': -980101499.9961853, 'fitness_delta_score': -980.1014999961853, 'last_fitness_delta_score': -980.1014999961853, 'last_fitness_delta_progress': 20.0, 'reward': -1000.0177999973298}"
-980.0745,385,1029.430041,"{'term': -1.0, 'progress': 20.0, 'time': 7.449999809265137, 'distance': 190.50804138183594, 'fitness': -980074499.9980927, 'fitness_delta_score': -980.0744999980926, 'last_fitness_delta_score': -980.0744999980926, 'last_fitness_delta_progress': 20.0, 'reward': -1000.000499997139}"
-982.857143,520,1040.815621,"{'term': -1.0, 'progress': 17.142857142857142, 'time': 9.739999771118164, 'distance': 188.94622802734375, 'fitness': -982857142.8571428, 'fitness_delta_score': -982.8571428571428, 'last_fitness_delta_score': -982.8571428571428, 'last_fitness_delta_progress': 17.142857142857142, 'reward': -999.9999999999999}"
-985.714286,397,1050.015409,"{'term': -1.0, 'progress': 14.285714285714285, 'time': 7.639999866485596, 'distance': 140.2443389892578, 'fitness': -985714285.7142857, 'fitness_delta_score': -985.7142857142858, 'last_fitness_delta_score': -985.7142857142858, 'last_fitness_delta_progress': 14.285714285714285, 'reward': -1000.0000000000001}"
-971.660671,1261,1074.793599,"{'term': -1.0, 'progress': 28.57142857142857, 'time': 23.209999084472656, 'distance': 279.92877197265625, 'fitness': -971660671.4194162, 'fitness_delta_score': -971.6606714194162, 'last_fitness_delta_score': -971.6606714194162, 'last_fitness_delta_progress': 28.57142857142857, 'reward': -1000.0151999855042}"
-980.1541,839,1091.788101,"{'term': -1.0, 'progress': 20.0, 'time': 15.40999984741211, 'distance': 197.50022888183594, 'fitness': -980154099.9984741, 'fitness_delta_score': -980.1540999984741, 'last_fitness_delta_score': -980.1540999984741, 'last_fitness_delta_progress': 20.0, 'reward': -1000.0301000022888}"
-982.857143,468,1102.266448,"{'term': -1.0, 'progress': 17.142857142857142, 'time': 8.890000343322754, 'distance': 185.0568084716797, 'fitness': -982857142.8571428, 'fitness_delta_score': -982.8571428571428, 'last_fitness_delta_score': -982.8571428571428, 'last_fitness_delta_progress': 17.142857142857142, 'reward': -999.9999999999999}"
-971.586771,859,1119.698302,"{'term': -1.0, 'progress': 28.57142857142857, 'time': 15.819999694824219, 'distance': 309.5684509277344, 'fitness': -971586771.4255197, 'fitness_delta_score': -971.5867714255197, 'last_fitness_delta_score': -971.5867714255197, 'last_fitness_delta_progress': 28.57142857142857, 'reward': -1000.0146999931336}"
-968.716529,788,1135.790139,"{'term': -1.0, 'progress': 31.428571428571427, 'time': 14.510000228881836, 'distance': 333.20721435546875, 'fitness': -968716528.5737174, 'fitness_delta_score': -968.7165285737174, 'last_fitness_delta_score': -968.7165285737174, 'last_fitness_delta_progress': 31.428571428571427, 'reward': -1000.0023999977111}"
-1000.0,101,1139.821533,"{'term': -1.0, 'progress': 0.0, 'time': 2.450000047683716, 'distance': 11.666234016418457, 'fitness': -1000000000.0, 'fitness_delta_score': -1000.0, 'last_fitness_delta_score': -1000.0, 'last_fitness_delta_progress': 0.0, 'reward': -1000.0}"
-982.857143,514,1150.98825,"{'term': -1.0, 'progress': 17.142857142857142, 'time': 9.609999656677246, 'distance': 188.28445434570312, 'fitness': -982857142.8571428, 'fitness_delta_score': -982.8571428571428, 'last_fitness_delta_score': -982.8571428571428, 'last_fitness_delta_progress': 17.142857142857142, 'reward': -999.9999999999999}"
-982.857143,539,1162.586327,"{'term': -1.0, 'progress': 17.142857142857142, 'time': 10.010000228881836, 'distance': 189.6527557373047, 'fitness': -982857142.8571428, 'fitness_delta_score': -982.8571428571428, 'last_fitness_delta_score': -982.8571428571428, 'last_fitness_delta_progress': 17.142857142857142, 'reward': -999.9999999999999}"
-985.714286,406,1171.925034,"{'term': -1.0, 'progress': 14.285714285714285, 'time': 7.75, 'distance': 141.3618927001953, 'fitness': -985714285.7142857, 'fitness_delta_score': -985.7142857142858, 'last_fitness_delta_score': -985.7142857142858, 'last_fitness_delta_progress': 14.285714285714285, 'reward': -1000.0000000000001}"
-982.857143,497,1182.871792,"{'term': -1.0, 'progress': 17.142857142857142, 'time': 9.399999618530273, 'distance': 187.07334899902344, 'fitness': -982857142.8571428, 'fitness_delta_score': -982.8571428571428, 'last_fitness_delta_score': -982.8571428571428, 'last_fitness_delta_progress': 17.142857142857142, 'reward': -999.9999999999999}"
-980.1503,818,1199.504525,"{'term': -1.0, 'progress': 20.0, 'time': 15.029999732971191, 'distance': 195.8848419189453, 'fitness': -980150299.9973297, 'fitness_delta_score': -980.1502999973297, 'last_fitness_delta_score': -980.1502999973297, 'last_fitness_delta_progress': 20.0, 'reward': -1000.0355000019074}"
-985.714286,634,1212.844602,"{'term': -1.0, 'progress': 14.285714285714285, 'time': 11.770000457763672, 'distance': 121.72992706298828, 'fitness': -985714285.7142857, 'fitness_delta_score': -985.7142857142858, 'last_fitness_delta_score': -985.7142857142858, 'last_fitness_delta_progress': 14.285714285714285, 'reward': -1000.0000000000001}"
-968.719629,811,1229.295107,"{'term': -1.0, 'progress': 31.428571428571427, 'time': 14.819999694824219, 'distance': 313.4950866699219, 'fitness': -968719628.5683768, 'fitness_delta_score': -968.7196285683768, 'last_fitness_delta_score': -968.7196285683768, 'last_fitness_delta_progress': 31.428571428571427, 'reward': -1000.0009000015259}"
-982.857143,380,1238.278475,"{'term': -1.0, 'progress': 17.142857142857142, 'time': 7.400000095367432, 'distance': 183.86907958984375, 'fitness': -982857142.8571428, 'fitness_delta_score': -982.8571428571428, 'last_fitness_delta_score': -982.8571428571428, 'last_fitness_delta_progress': 17.142857142857142, 'reward': -999.9999999999999}"
-971.653771,1244,1262.397721,"{'term': -1.0, 'progress': 28.57142857142857, 'time': 22.520000457763672, 'distance': 303.14935302734375, 'fitness': -971653771.4331491, 'fitness_delta_score': -971.6537714331491, 'last_fitness_delta_score': -971.6537714331491, 'last_fitness_delta_progress': 28.57142857142857, 'reward': -1000.0156999969483}"
-985.714286,604,1275.831746,"{'term': -1.0, 'progress': 14.285714285714285, 'time': 11.859999656677246, 'distance': 121.26726531982422, 'fitness': -985714285.7142857, 'fitness_delta_score': -985.7142857142858, 'last_fitness_delta_score': -985.7142857142858, 'last_fitness_delta_progress': 14.285714285714285, 'reward': -1000.0000000000001}"
-982.857143,442,1285.644524,"{'term': -1.0, 'progress': 17.142857142857142, 'time': 8.170000076293945, 'distance': 181.81019592285156, 'fitness': -982857142.8571428, 'fitness_delta_score': -982.8571428571428, 'last_fitness_delta_score': -982.8571428571428, 'last_fitness_delta_progress': 17.142857142857142, 'reward': -999.9999999999999}"
-985.714286,343,1293.841087,"{'term': -1.0, 'progress': 14.285714285714285, 'time': 6.570000171661377, 'distance': 135.52513122558594, 'fitness': -985714285.7142857, 'fitness_delta_score': -985.7142857142858, 'last_fitness_delta_score': -985.7142857142858, 'last_fitness_delta_progress': 14.285714285714285, 'reward': -1000.0000000000001}"
-982.857143,383,1302.800475,"{'term': -1.0, 'progress': 17.142857142857142, 'time': 7.329999923706055, 'distance': 184.68858337402344, 'fitness': -982857142.8571428, 'fitness_delta_score': -982.8571428571428, 'last_fitness_delta_score': -982.8571428571428, 'last_fitness_delta_progress': 17.142857142857142, 'reward': -999.9999999999999}"
-968.792029,1224,1326.435404,"{'term': -1.0, 'progress': 31.428571428571427, 'time': 22.059999465942383, 'distance': 327.33984375, 'fitness': -968792028.566088, 'fitness_delta_score': -968.792028566088, 'last_fitness_delta_score': -968.792028566088, 'last_fitness_delta_progress': 31.428571428571427, 'reward': -1000.0080999946595}"
-968.858929,1616,1356.823635,"{'term': -1.0, 'progress': 31.428571428571427, 'time': 28.75, 'distance': 308.4439697265625, 'fitness': -968858928.5714285, 'fitness_delta_score': -968.8589285714286, 'last_fitness_delta_score': -968.8589285714286, 'last_fitness_delta_progress': 31.428571428571427, 'reward': -1000.0098999977112}"
-982.857143,453,1366.832098,"{'term': -1.0, 'progress': 17.142857142857142, 'time': 8.460000038146973, 'distance': 185.5527801513672, 'fitness': -982857142.8571428, 'fitness_delta_score': -982.8571428571428, 'last_fitness_delta_score': -982.8571428571428, 'last_fitness_delta_progress': 17.142857142857142, 'reward': -999.9999999999999}"
-982.857143,405,1376.057813,"{'term': -1.0, 'progress': 17.142857142857142, 'time': 7.590000152587891, 'distance': 185.67184448242188, 'fitness': -982857142.8571428, 'fitness_delta_score': -982.8571428571428, 'last_fitness_delta_score': -982.8571428571428, 'last_fitness_delta_progress': 17.142857142857142, 'reward': -999.9999999999999}"
-982.857143,424,1385.663219,"{'term': -1.0, 'progress': 17.142857142857142, 'time': 7.989999771118164, 'distance': 184.5299835205078, 'fitness': -982857142.8571428, 'fitness_delta_score': -982.8571428571428, 'last_fitness_delta_score': -982.8571428571428, 'last_fitness_delta_progress': 17.142857142857142, 'reward': -999.9999999999999}"
-971.673771,1322,1411.7852,"{'term': -1.0, 'progress': 28.57142857142857, 'time': 24.520000457763672, 'distance': 311.702880859375, 'fitness': -971673771.4331491, 'fitness_delta_score': -971.6737714331491, 'last_fitness_delta_score': -971.6737714331491, 'last_fitness_delta_progress': 28.57142857142857, 'reward': -1000.0545000076295}"
-974.490714,1060,1433.867417,"{'term': -1.0, 'progress': 25.71428571428571, 'time': 20.5, 'distance': 253.0995330810547, 'fitness': -974490714.2857143, 'fitness_delta_score': -974.4907142857143, 'last_fitness_delta_score': -974.4907142857143, 'last_fitness_delta_progress': 25.71428571428571, 'reward': -1000.0196999931335}"
-982.857143,380,1442.972691,"{'term': -1.0, 'progress': 17.142857142857142, 'time': 7.5, 'distance': 186.5172119140625, 'fitness': -982857142.8571428, 'fitness_delta_score': -982.8571428571428, 'last_fitness_delta_score': -982.8571428571428, 'last_fitness_delta_progress': 17.142857142857142, 'reward': -999.9999999999999}"
-1000.0,1,1447.126209,"{'term': -1.0, 'progress': 0.0, 'time': 2.509999990463257, 'distance': 0.013766922056674957, 'fitness': -1000000000.0, 'fitness_delta_score': -1000.0, 'last_fitness_delta_score': -1000.0, 'last_fitness_delta_progress': 0.0, 'reward': -1000.0}"
-985.714286,691,1463.900869,"{'term': -1.0, 'progress': 14.285714285714285, 'time': 15.119999885559082, 'distance': 141.84078979492188, 'fitness': -985714285.7142857, 'fitness_delta_score': -985.7142857142858, 'last_fitness_delta_score': -985.7142857142858, 'last_fitness_delta_progress': 14.285714285714285, 'reward': -1000.0000000000001}"
-968.807329,1138,1489.060199,"{'term': -1.0, 'progress': 31.428571428571427, 'time': 23.59000015258789, 'distance': 317.45166015625, 'fitness': -968807328.5729544, 'fitness_delta_score': -968.8073285729544, 'last_fitness_delta_score': -968.8073285729544, 'last_fitness_delta_progress': 31.428571428571427, 'reward': -1000.0092000007628}"
-1000.0,1,1493.91131,"{'term': -1.0, 'progress': 0.0, 'time': 3.200000047683716, 'distance': 0.017886657267808914, 'fitness': -1000000000.0, 'fitness_delta_score': -1000.0, 'last_fitness_delta_score': -1000.0, 'last_fitness_delta_progress': 0.0, 'reward': -1000.0}"
-1000.0,1,1498.133246,"{'term': -1.0, 'progress': 0.0, 'time': 2.619999885559082, 'distance': 0.01372562162578106, 'fitness': -1000000000.0, 'fitness_delta_score': -1000.0, 'last_fitness_delta_score': -1000.0, 'last_fitness_delta_progress': 0.0, 'reward': -1000.0}"
-980.1246,589,1512.252182,"{'term': -1.0, 'progress': 20.0, 'time': 12.460000038146973, 'distance': 203.87355041503906, 'fitness': -980124600.0003815, 'fitness_delta_score': -980.1246000003815, 'last_fitness_delta_score': -980.1246000003815, 'last_fitness_delta_progress': 20.0, 'reward': -1000.0310999965668}"
-982.857143,379,1522.37348,"{'term': -1.0, 'progress': 17.142857142857142, 'time': 8.489999771118164, 'distance': 181.94207763671875, 'fitness': -982857142.8571428, 'fitness_delta_score': -982.8571428571428, 'last_fitness_delta_score': -982.8571428571428, 'last_fitness_delta_progress': 17.142857142857142, 'reward': -999.9999999999999}"
-971.625771,970,1543.721937,"{'term': -1.0, 'progress': 28.57142857142857, 'time': 19.719999313354492, 'distance': 277.9784240722656, 'fitness': -971625771.421705, 'fitness_delta_score': -971.625771421705, 'last_fitness_delta_score': -971.625771421705, 'last_fitness_delta_progress': 28.57142857142857, 'reward': -1000.009499988556}"
-982.857143,640,1557.16588,"{'term': -1.0, 'progress': 17.142857142857142, 'time': 11.859999656677246, 'distance': 150.23666381835938, 'fitness': -982857142.8571428, 'fitness_delta_score': -982.8571428571428, 'last_fitness_delta_score': -982.8571428571428, 'last_fitness_delta_progress': 17.142857142857142, 'reward': -999.9999999999999}"
-971.691771,1441,1585.141331,"{'term': -1.0, 'progress': 28.57142857142857, 'time': 26.31999969482422, 'distance': 269.16522216796875, 'fitness': -971691771.4255197, 'fitness_delta_score': -971.6917714255197, 'last_fitness_delta_score': -971.6917714255197, 'last_fitness_delta_progress': 28.57142857142857, 'reward': -1000.0111999893189}"
-974.507214,1158,1608.852202,"{'term': -1.0, 'progress': 25.71428571428571, 'time': 22.149999618530273, 'distance': 238.9103546142578, 'fitness': -974507214.2818996, 'fitness_delta_score': -974.5072142818996, 'last_fitness_delta_score': -974.5072142818996, 'last_fitness_delta_progress': 25.71428571428571, 'reward': -1000.0078999900818}"
-985.714286,611,1622.43312,"{'term': -1.0, 'progress': 14.285714285714285, 'time': 11.930000305175781, 'distance': 118.66976165771484, 'fitness': -985714285.7142857, 'fitness_delta_score': -985.7142857142858, 'last_fitness_delta_score': -985.7142857142858, 'last_fitness_delta_progress': 14.285714285714285, 'reward': -1000.0000000000001}"
-1000.0,118,1626.811675,"{'term': -1.0, 'progress': 0.0, 'time': 2.799999952316284, 'distance': 12.589690208435059, 'fitness': -1000000000.0, 'fitness_delta_score': -1000.0, 'last_fitness_delta_score': -1000.0, 'last_fitness_delta_progress': 0.0, 'reward': -1000.0}"
-988.571429,666,1640.812471,"{'term': -1.0, 'progress': 11.428571428571429, 'time': 12.40999984741211, 'distance': 109.42344665527344, 'fitness': -988571428.5714285, 'fitness_delta_score': -988.5714285714286, 'last_fitness_delta_score': -988.5714285714286, 'last_fitness_delta_progress': 11.428571428571429, 'reward': -1000.0}"
-974.510414,1798,1664.865963,"{'term': -1.0, 'progress': 25.71428571428571, 'time': 22.469999313354492, 'distance': 246.5920867919922, 'fitness': -974510414.2788478, 'fitness_delta_score': -974.5104142788479, 'last_fitness_delta_score': -974.5104142788479, 'last_fitness_delta_progress': 25.71428571428571, 'reward': -1000.0284999847412}"
-1000.0,250,1669.780947,"{'term': -1.0, 'progress': 0.0, 'time': 3.2799999713897705, 'distance': 15.39655590057373, 'fitness': -1000000000.0, 'fitness_delta_score': -1000.0, 'last_fitness_delta_score': -1000.0, 'last_fitness_delta_progress': 0.0, 'reward': -1000.0}"
-974.493614,1315,1692.189454,"{'term': -1.0, 'progress': 25.71428571428571, 'time': 20.790000915527344, 'distance': 256.273681640625, 'fitness': -974493614.2948695, 'fitness_delta_score': -974.4936142948695, 'last_fitness_delta_score': -974.4936142948695, 'last_fitness_delta_progress': 25.71428571428571, 'reward': -1000.0280000114441}"
-974.549314,1411,1720.155514,"{'term': -1.0, 'progress': 25.71428571428571, 'time': 26.360000610351562, 'distance': 243.20480346679688, 'fitness': -974549314.2918178, 'fitness_delta_score': -974.5493142918178, 'last_fitness_delta_score': -974.5493142918178, 'last_fitness_delta_progress': 25.71428571428571, 'reward': -1000.01390001297}"
-974.477214,1043,1740.946109,"{'term': -1.0, 'progress': 25.71428571428571, 'time': 19.149999618530273, 'distance': 247.9575958251953, 'fitness': -974477214.2818996, 'fitness_delta_score': -974.4772142818996, 'last_fitness_delta_score': -974.4772142818996, 'last_fitness_delta_progress': 25.71428571428571, 'reward': -1000.0195999908448}"
-974.523614,1300,1766.386552,"{'term': -1.0, 'progress': 25.71428571428571, 'time': 23.790000915527344, 'distance': 248.06768798828125, 'fitness': -974523614.2948695, 'fitness_delta_score': -974.5236142948695, 'last_fitness_delta_score': -974.5236142948695, 'last_fitness_delta_progress': 25.71428571428571, 'reward': -1000.0335000038147}"
-977.310957,878,1784.805143,"{'term': -1.0, 'progress': 22.857142857142858, 'time': 16.809999465942383, 'distance': 210.17909240722656, 'fitness': -977310957.1375166, 'fitness_delta_score': -977.3109571375167, 'last_fitness_delta_score': -977.3109571375167, 'last_fitness_delta_progress': 22.857142857142858, 'reward': -1000.0138999938965}"
-985.714286,579,1797.258112,"{'term': -1.0, 'progress': 14.285714285714285, 'time': 10.859999656677246, 'distance': 110.78518676757812, 'fitness': -985714285.7142857, 'fitness_delta_score': -985.7142857142858, 'last_fitness_delta_score': -985.7142857142858, 'last_fitness_delta_progress': 14.285714285714285, 'reward': -1000.0000000000001}"
-971.659671,1274,1822.011731,"{'term': -1.0, 'progress': 28.57142857142857, 'time': 23.110000610351562, 'distance': 274.597900390625, 'fitness': -971659671.434675, 'fitness_delta_score': -971.659671434675, 'last_fitness_delta_score': -971.659671434675, 'last_fitness_delta_progress': 28.57142857142857, 'reward': -1000.0128000068665}"
-977.300057,853,1839.318038,"{'term': -1.0, 'progress': 22.857142857142858, 'time': 15.720000267028809, 'distance': 210.4678192138672, 'fitness': -977300057.1455275, 'fitness_delta_score': -977.3000571455275, 'last_fitness_delta_score': -977.3000571455275, 'last_fitness_delta_progress': 22.857142857142858, 'reward': -1000.0135000038148}"
-982.857143,407,1848.736009,"{'term': -1.0, 'progress': 17.142857142857142, 'time': 7.840000152587891, 'distance': 182.33673095703125, 'fitness': -982857142.8571428, 'fitness_delta_score': -982.8571428571428, 'last_fitness_delta_score': -982.8571428571428, 'last_fitness_delta_progress': 17.142857142857142, 'reward': -999.9999999999999}"
-977.262657,637,1862.278583,"{'term': -1.0, 'progress': 22.857142857142858, 'time': 11.979999542236328, 'distance': 229.2972869873047, 'fitness': -977262657.1382796, 'fitness_delta_score': -977.2626571382796, 'last_fitness_delta_score': -977.2626571382796, 'last_fitness_delta_progress': 22.857142857142858, 'reward': -1000.0194999980927}"
-977.277557,724,1877.36537,"{'term': -1.0, 'progress': 22.857142857142858, 'time': 13.470000267028809, 'distance': 220.5523681640625, 'fitness': -977277557.1455275, 'fitness_delta_score': -977.2775571455275, 'last_fitness_delta_score': -977.2775571455275, 'last_fitness_delta_progress': 22.857142857142858, 'reward': -1000.0181000041962}"
-985.714286,551,1889.413022,"{'term': -1.0, 'progress': 14.285714285714285, 'time': 10.420000076293945, 'distance': 110.10731506347656, 'fitness': -985714285.7142857, 'fitness_delta_score': -985.7142857142858, 'last_fitness_delta_score': -985.7142857142858, 'last_fitness_delta_progress': 14.285714285714285, 'reward': -1000.0000000000001}"
-974.432114,775,1905.641026,"{'term': -1.0, 'progress': 25.71428571428571, 'time': 14.640000343322754, 'distance': 261.48431396484375, 'fitness': -974432114.2891475, 'fitness_delta_score': -974.4321142891475, 'last_fitness_delta_score': -974.4321142891475, 'last_fitness_delta_progress': 25.71428571428571, 'reward': -1000.0211999988556}"
-977.309857,890,1923.890905,"{'term': -1.0, 'progress': 22.857142857142858, 'time': 16.700000762939453, 'distance': 210.80247497558594, 'fitness': -977309857.1504866, 'fitness_delta_score': -977.3098571504866, 'last_fitness_delta_score': -977.3098571504866, 'last_fitness_delta_progress': 22.857142857142858, 'reward': -1000.0129000091553}"
-985.714286,364,1932.60995,"{'term': -1.0, 'progress': 14.285714285714285, 'time': 7.119999885559082, 'distance': 139.92100524902344, 'fitness': -985714285.7142857, 'fitness_delta_score': -985.7142857142858, 'last_fitness_delta_score': -985.7142857142858, 'last_fitness_delta_progress': 14.285714285714285, 'reward': -1000.0000000000001}"
-985.714286,611,1945.522895,"{'term': -1.0, 'progress': 14.285714285714285, 'time': 11.329999923706055, 'distance': 114.67291259765625, 'fitness': -985714285.7142857, 'fitness_delta_score': -985.7142857142858, 'last_fitness_delta_score': -985.7142857142858, 'last_fitness_delta_progress': 14.285714285714285, 'reward': -1000.0000000000001}"
-1000.0,133,1950.046307,"{'term': -1.0, 'progress': 0.0, 'time': 2.940000057220459, 'distance': 13.699740409851074, 'fitness': -1000000000.0, 'fitness_delta_score': -1000.0, 'last_fitness_delta_score': -1000.0, 'last_fitness_delta_progress': 0.0, 'reward': -1000.0}"
-985.714286,364,1959.056845,"{'term': -1.0, 'progress': 14.285714285714285, 'time': 7.360000133514404, 'distance': 143.7471923828125, 'fitness': -985714285.7142857, 'fitness_delta_score': -985.7142857142858, 'last_fitness_delta_score': -985.7142857142858, 'last_fitness_delta_progress': 14.285714285714285, 'reward': -1000.0000000000001}"
-977.312657,786,1977.685759,"{'term': -1.0, 'progress': 22.857142857142858, 'time': 16.979999542236328, 'distance': 244.9794464111328, 'fitness': -977312657.1382796, 'fitness_delta_score': -977.3126571382795, 'last_fitness_delta_score': -977.3126571382795, 'last_fitness_delta_progress': 22.857142857142858, 'reward': -1000.0347999954224}"
-977.331557,1503,1998.158923,"{'term': -1.0, 'progress': 22.857142857142858, 'time': 18.8700008392334, 'distance': 231.39151000976562, 'fitness': -977331557.1512495, 'fitness_delta_score': -977.3315571512495, 'last_fitness_delta_score': -977.3315571512495, 'last_fitness_delta_progress': 22.857142857142858, 'reward': -1000.0301000118257}"
-977.315357,1707,2017.043975,"{'term': -1.0, 'progress': 22.857142857142858, 'time': 17.25, 'distance': 223.57679748535156, 'fitness': -977315357.1428572, 'fitness_delta_score': -977.3153571428572, 'last_fitness_delta_score': -977.3153571428572, 'last_fitness_delta_progress': 22.857142857142858, 'reward': -1000.0281000041963}"
-977.324857,1013,2036.888579,"{'term': -1.0, 'progress': 22.857142857142858, 'time': 18.200000762939453, 'distance': 215.20912170410156, 'fitness': -977324857.1504866, 'fitness_delta_score': -977.3248571504865, 'last_fitness_delta_score': -977.3248571504865, 'last_fitness_delta_progress': 22.857142857142858, 'reward': -1000.0187000083923}"
-928.923029,1966,2073.647035,"{'term': -1.0, 'progress': 71.42857142857143, 'time': 35.15999984741211, 'distance': 858.68603515625, 'fitness': -928923028.5699027, 'fitness_delta_score': -928.9230285699026, 'last_fitness_delta_score': -928.9230285699026, 'last_fitness_delta_progress': 71.42857142857143, 'reward': -1000.0125999832153}"
50.978471,2546,2120.298916,"{'term': 0.0, 'progress': 51.42857142857142, 'time': 45.0099983215332, 'distance': 537.0846557617188, 'fitness': 50978471.44535609, 'fitness_delta_score': 50.97847144535609, 'last_fitness_delta_score': 50.97847144535609, 'last_fitness_delta_progress': 51.42857142857142, 'reward': -0.011299972534182245}"
62.407143,3202,2166.886578,"{'term': 0.0, 'progress': 62.857142857142854, 'time': 45.0, 'distance': 676.9536743164062, 'fitness': 62407142.85714285, 'fitness_delta_score': 62.40714285714285, 'last_fitness_delta_score': 62.40714285714285, 'last_fitness_delta_progress': 62.857142857142854, 'reward': -0.019900016784667685}"
-977.343057,1075,2188.506726,"{'term': -1.0, 'progress': 22.857142857142858, 'time': 20.020000457763672, 'distance': 208.9113311767578, 'fitness': -977343057.1474348, 'fitness_delta_score': -977.3430571474348, 'last_fitness_delta_score': -977.3430571474348, 'last_fitness_delta_progress': 22.857142857142858, 'reward': -1000.0147000122071}"
-971.558671,719,2203.09309,"{'term': -1.0, 'progress': 28.57142857142857, 'time': 13.010000228881836, 'distance': 295.6879577636719, 'fitness': -971558671.4308603, 'fitness_delta_score': -971.5586714308603, 'last_fitness_delta_score': -971.5586714308603, 'last_fitness_delta_progress': 28.57142857142857, 'reward': -1000.0103000068665}"
-974.417114,724,2217.830599,"{'term': -1.0, 'progress': 25.71428571428571, 'time': 13.140000343322754, 'distance': 248.51258850097656, 'fitness': -974417114.2891475, 'fitness_delta_score': -974.4171142891475, 'last_fitness_delta_score': -974.4171142891475, 'last_fitness_delta_progress': 25.71428571428571, 'reward': -1000.0051000022888}"
-971.631971,1130,2239.725587,"{'term': -1.0, 'progress': 28.57142857142857, 'time': 20.34000015258789, 'distance': 287.68450927734375, 'fitness': -971631971.4300973, 'fitness_delta_score': -971.6319714300973, 'last_fitness_delta_score': -971.6319714300973, 'last_fitness_delta_progress': 28.57142857142857, 'reward': -1000.0235000038148}"
-977.321657,995,2259.168083,"{'term': -1.0, 'progress': 22.857142857142858, 'time': 17.8799991607666, 'distance': 218.18118286132812, 'fitness': -977321657.1344649, 'fitness_delta_score': -977.3216571344649, 'last_fitness_delta_score': -977.3216571344649, 'last_fitness_delta_progress': 22.857142857142858, 'reward': -1000.0208999919893}"
-977.380957,1336,2284.603122,"{'term': -1.0, 'progress': 22.857142857142858, 'time': 23.809999465942383, 'distance': 231.76832580566406, 'fitness': -977380957.1375166, 'fitness_delta_score': -977.3809571375166, 'last_fitness_delta_score': -977.3809571375166, 'last_fitness_delta_progress': 22.857142857142858, 'reward': -1000.0420999908448}"
-977.349257,1157,2306.826783,"{'term': -1.0, 'progress': 22.857142857142858, 'time': 20.639999389648438, 'distance': 231.41082763671875, 'fitness': -977349257.1367537, 'fitness_delta_score': -977.3492571367536, 'last_fitness_delta_score': -977.3492571367536, 'last_fitness_delta_progress': 22.857142857142858, 'reward': -1000.0485999965667}"
-977.275857,732,2321.682192,"{'term': -1.0, 'progress': 22.857142857142858, 'time': 13.300000190734863, 'distance': 230.68511962890625, 'fitness': -977275857.1447645, 'fitness_delta_score': -977.2758571447646, 'last_fitness_delta_score': -977.2758571447646, 'last_fitness_delta_progress': 22.857142857142858, 'reward': -1000.0232999992371}"
-977.339457,1101,2342.943348,"{'term': -1.0, 'progress': 22.857142857142858, 'time': 19.65999984741211, 'distance': 215.5042266845703, 'fitness': -977339457.1413313, 'fitness_delta_score': -977.3394571413313, 'last_fitness_delta_score': -977.3394571413313, 'last_fitness_delta_progress': 22.857142857142858, 'reward': -1000.0247999954224}"
-985.714286,603,2355.559821,"{'term': -1.0, 'progress': 14.285714285714285, 'time': 10.970000267028809, 'distance': 111.19664001464844, 'fitness': -985714285.7142857, 'fitness_delta_score': -985.7142857142858, 'last_fitness_delta_score': -985.7142857142858, 'last_fitness_delta_progress': 14.285714285714285, 'reward': -1000.0000000000001}"
-977.266457,681,2369.546433,"{'term': -1.0, 'progress': 22.857142857142858, 'time': 12.359999656677246, 'distance': 220.41250610351562, 'fitness': -977266457.139424, 'fitness_delta_score': -977.266457139424, 'last_fitness_delta_score': -977.266457139424, 'last_fitness_delta_progress': 22.857142857142858, 'reward': -1000.0181999969483}"
-982.857143,779,2385.240751,"{'term': -1.0, 'progress': 17.142857142857142, 'time': 14.0600004196167, 'distance': 149.55274963378906, 'fitness': -982857142.8571428, 'fitness_delta_score': -982.8571428571428, 'last_fitness_delta_score': -982.8571428571428, 'last_fitness_delta_progress': 17.142857142857142, 'reward': -999.9999999999999}"
-977.287357,800,2401.333008,"{'term': -1.0, 'progress': 22.857142857142858, 'time': 14.449999809265137, 'distance': 217.0059356689453, 'fitness': -977287357.1409498, 'fitness_delta_score': -977.2873571409499, 'last_fitness_delta_score': -977.2873571409499, 'last_fitness_delta_progress': 22.857142857142858, 'reward': -1000.020199995041}"
-977.301057,875,2418.707227,"{'term': -1.0, 'progress': 22.857142857142858, 'time': 15.819999694824219, 'distance': 208.94581604003906, 'fitness': -977301057.1398054, 'fitness_delta_score': -977.3010571398054, 'last_fitness_delta_score': -977.3010571398054, 'last_fitness_delta_progress': 22.857142857142858, 'reward': -1000.0138000011444}"
-988.571429,567,2430.669401,"{'term': -1.0, 'progress': 11.428571428571429, 'time': 10.390000343322754, 'distance': 111.24556732177734, 'fitness': -988571428.5714285, 'fitness_delta_score': -988.5714285714286, 'last_fitness_delta_score': -988.5714285714286, 'last_fitness_delta_progress': 11.428571428571429, 'reward': -1000.0}"
-974.452414,928,2448.951483,"{'term': -1.0, 'progress': 25.71428571428571, 'time': 16.670000076293945, 'distance': 251.9674072265625, 'fitness': -974452414.2864772, 'fitness_delta_score': -974.4524142864772, 'last_fitness_delta_score': -974.4524142864772, 'last_fitness_delta_progress': 25.71428571428571, 'reward': -1000.0197000026702}"
-977.333757,1071,2469.675559,"{'term': -1.0, 'progress': 22.857142857142858, 'time': 19.09000015258789, 'distance': 220.5887451171875, 'fitness': -977333757.1443831, 'fitness_delta_score': -977.3337571443831, 'last_fitness_delta_score': -977.3337571443831, 'last_fitness_delta_progress': 22.857142857142858, 'reward': -1000.0346000003815}"
-988.571429,588,2482.191272,"{'term': -1.0, 'progress': 11.428571428571429, 'time': 10.90999984741211, 'distance': 108.2942886352539, 'fitness': -988571428.5714285, 'fitness_delta_score': -988.5714285714286, 'last_fitness_delta_score': -988.5714285714286, 'last_fitness_delta_progress': 11.428571428571429, 'reward': -1000.0}"
-988.571429,627,2495.281616,"{'term': -1.0, 'progress': 11.428571428571429, 'time': 11.5, 'distance': 107.34539794921875, 'fitness': -988571428.5714285, 'fitness_delta_score': -988.5714285714286, 'last_fitness_delta_score': -988.5714285714286, 'last_fitness_delta_progress': 11.428571428571429, 'reward': -1000.0}"
-974.417914,730,2510.102643,"{'term': -1.0, 'progress': 25.71428571428571, 'time': 13.220000267028809, 'distance': 258.67236328125, 'fitness': -974417914.2883846, 'fitness_delta_score': -974.4179142883845, 'last_fitness_delta_score': -974.4179142883845, 'last_fitness_delta_progress': 25.71428571428571, 'reward': -1000.0186000061035}"
-985.714286,648,2523.564981,"{'term': -1.0, 'progress': 14.285714285714285, 'time': 11.880000114440918, 'distance': 111.03961181640625, 'fitness': -985714285.7142857, 'fitness_delta_score': -985.7142857142858, 'last_fitness_delta_score': -985.7142857142858, 'last_fitness_delta_progress': 14.285714285714285, 'reward': -1000.0000000000001}"
1099.588811,2355,2566.556222,"{'term': 1.0, 'progress': 100.0, 'time': 41.36000061035156, 'distance': 1188.9033203125, 'fitness': 1099588811.0966797, 'fitness_delta_score': 1099.5888110966796, 'last_fitness_delta_score': 1099.5888110966796, 'last_fitness_delta_progress': 100.0, 'reward': 1000.0023110814208}"
79.5498,2499,2614.742724,"{'term': 0.0, 'progress': 80.0, 'time': 45.02000045776367, 'distance': 955.4110107421875, 'fitness': 79549799.99542236, 'fitness_delta_score': 79.54979999542236, 'last_fitness_delta_score': 79.54979999542236, 'last_fitness_delta_progress': 80.0, 'reward': -0.0304000091552723}"
-971.589371,879,2632.404909,"{'term': -1.0, 'progress': 28.57142857142857, 'time': 16.079999923706055, 'distance': 290.3522033691406, 'fitness': -971589371.4278085, 'fitness_delta_score': -971.5893714278085, 'last_fitness_delta_score': -971.5893714278085, 'last_fitness_delta_progress': 28.57142857142857, 'reward': -1000.0218999958038}"
-977.348757,1138,2654.612326,"{'term': -1.0, 'progress': 22.857142857142858, 'time': 20.59000015258789, 'distance': 216.53680419921875, 'fitness': -977348757.1443831, 'fitness_delta_score': -977.3487571443831, 'last_fitness_delta_score': -977.3487571443831, 'last_fitness_delta_progress': 22.857142857142858, 'reward': -1000.0228000068665}"
-968.770729,1100,2676.149315,"{'term': -1.0, 'progress': 31.428571428571427, 'time': 19.93000030517578, 'distance': 306.5152587890625, 'fitness': -968770728.5744803, 'fitness_delta_score': -968.7707285744802, 'last_fitness_delta_score': -968.7707285744802, 'last_fitness_delta_progress': 31.428571428571427, 'reward': -1000.0061000061035}"
-974.533814,1367,2702.531135,"{'term': -1.0, 'progress': 25.71428571428571, 'time': 24.809999465942383, 'distance': 252.98587036132812, 'fitness': -974533814.2803737, 'fitness_delta_score': -974.5338142803737, 'last_fitness_delta_score': -974.5338142803737, 'last_fitness_delta_progress': 25.71428571428571, 'reward': -1000.0310000038147}"
